$date
	Tue Aug 25 17:38:30 2026
$end
$version
	Questa Altera Starter FPGA Edition Version 2025.2
$end
$timescale
	1ps
$end

$scope module tb_top $end

$scope module vif $end
$var parameter 32 ! ADDR_WIDTH $end
$var parameter 32 " DATA_WIDTH $end
$var parameter 32 # USER_REQ_WIDTH $end
$var parameter 32 $ USER_DATA_WIDTH $end
$var parameter 32 % USER_RESP_WIDTH $end
$var wire 1 & PCLK $end
$var reg 1 ' PRESETn $end
$var reg 32 ( PADDR [31:0] $end
$var reg 3 ) PPROT [2:0] $end
$var reg 1 * PNSE $end
$var reg 1 + PSEL $end
$var reg 1 , PENABLE $end
$var reg 1 - PWRITE $end
$var reg 32 . PWDATA [31:0] $end
$var reg 4 / PSTRB [3:0] $end
$var reg 1 0 PREADY $end
$var reg 32 1 PRDATA [31:0] $end
$var reg 1 2 PSLVERR $end
$var reg 1 3 PWAKEUP $end
$var reg 8 4 PAUSER [7:0] $end
$var reg 8 5 PWUSER [7:0] $end
$var reg 8 6 PRUSER [7:0] $end
$var reg 8 7 PBUSER [7:0] $end

$scope unknown DRV_master $end
$upscope $end

$scope unknown DRV_slave $end
$upscope $end

$scope unknown MON $end
$upscope $end
$upscope $end
$var reg 1 8 PCLK $end
$upscope $end
$enddefinitions $end
#0
$dumpvars
08
0'
bx (
bx )
x*
x+
x,
x-
bx .
bx /
x0
bx 1
x2
x3
bx 4
bx 5
bx 6
bx 7
b100000 !
b100000 "
b1000 #
b1000 $
b1000 %
0&
$end
#5000
18
1&
#6000
00
b0 1
02
0+
0,
#10000
08
0&
#15000
18
1&
#20000
1'
08
0&
#25000
18
1&
#30000
08
0&
#35000
18
1&
#40000
08
0&
#45000
18
1&
#46000
b10010110000 (
0-
b10 )
0*
b0 4
b0 5
03
b0 .
b0 /
1+
#50000
08
0&
#55000
18
1&
#56000
1,
#57000
0'
0+
0,
#60000
08
0&
#65000
18
1&
#70000
08
0&
#75000
18
1&
#77000
1'
#80000
08
0&
#85000
18
1&
#90000
08
0&
#95000
18
1&
#100000
08
0&
#105000
18
1&
#110000
08
0&
#115000
18
1&
#116000
b10001010000 (
1-
b0 )
b1001101011011011001000110110110 .
b111 /
1+
#120000
08
0&
#125000
18
1&
#126000
1,
#130000
08
0&
#135000
18
1&
#140000
08
0&
#145000
18
1&
#146000
10
#150000
08
0&
#155000
18
1&
#156000
0+
0,
00
#160000
08
0&
#165000
18
1&
#170000
08
0&
#175000
18
1&
#180000
08
0&
#185000
18
1&
#190000
08
0&
#195000
18
1&
#196000
b111100000100 (
0-
b100 )
b0 .
b0 /
1+
#200000
08
0&
#205000
18
1&
#206000
1,
#210000
08
0&
#215000
18
1&
#220000
08
0&
#225000
18
1&
#230000
08
0&
#235000
18
1&
#240000
08
0&
#245000
18
1&
#250000
08
0&
#255000
18
1&
#256000
10
b11011110101011011011111011101111 1
#260000
08
0&
#265000
18
1&
#266000
0+
0,
00
b0 1
#270000
08
0&
#275000
18
1&
#280000
08
0&
#285000
18
1&
#286000
b100100011000 (
1-
b10 )
b11111001110101010100000001010111 .
b1010 /
1+
#290000
08
0&
#295000
18
1&
#296000
1,
#299000
0'
0+
0,
#300000
08
0&
#305000
18
1&
#309000
1'
#310000
08
0&
#315000
18
1&
#320000
08
0&
#325000
18
1&
#330000
08
0&
#335000
18
1&
#340000
08
0&
#345000
18
1&
#346000
b101011010000 (
0-
b110 )
b0 .
b0 /
1+
#350000
08
0&
#355000
18
1&
#356000
1,
#360000
08
0&
#365000
18
1&
#370000
08
0&
#375000
18
1&
#380000
08
0&
#385000
18
1&
#390000
08
0&
#395000
18
1&
#396000
10
b11011110101011011011111011101111 1
#400000
08
0&
#405000
18
1&
#406000
0+
0,
00
b0 1
#410000
08
0&
#415000
18
1&
#416000
b101100101000 (
1-
b100 )
b11100111110110011001100101101 .
b11 /
1+
#420000
08
0&
#425000
18
1&
#426000
1,
#430000
08
0&
#435000
18
1&
#440000
08
0&
#445000
18
1&
#450000
08
0&
#455000
18
1&
#456000
10
#460000
08
0&
#465000
18
1&
#466000
0+
0,
00
#470000
08
0&
#475000
18
1&
#480000
08
0&
#485000
18
1&
#486000
b1100100000 (
0-
b1 )
b0 .
b0 /
1+
#490000
08
0&
#495000
18
1&
#496000
1,
#500000
08
0&
#505000
18
1&
#510000
08
0&
#515000
18
1&
#516000
10
b11011110101011011011111011101111 1
#520000
08
0&
#525000
18
1&
#526000
0+
0,
00
b0 1
#530000
08
0&
#535000
18
1&
#540000
08
0&
#545000
18
1&
#547000
0'
#550000
08
0&
#555000
18
1&
#560000
08
0&
#565000
18
1&
#567000
1'
#570000
08
0&
#575000
18
1&
#580000
08
0&
#585000
18
1&
#590000
08
0&
#595000
18
1&
#600000
08
0&
#605000
18
1&
#606000
b101011111000 (
1-
b111 )
b11011110001001000111110000110100 .
b110 /
1+
#610000
08
0&
#615000
18
1&
#616000
1,
#620000
08
0&
#625000
18
1&
#630000
08
0&
#635000
18
1&
#640000
08
0&
#645000
18
1&
#650000
08
0&
#655000
18
1&
#660000
08
0&
#665000
18
1&
#666000
10
#670000
08
0&
#675000
18
1&
#676000
0+
0,
00
#680000
08
0&
#685000
18
1&
#686000
b1110000000 (
b10 )
b11011101000111001101111110101111 .
b10 /
1+
#690000
08
0&
#695000
18
1&
#696000
1,
#700000
08
0&
#705000
18
1&
#710000
08
0&
#715000
18
1&
#720000
08
0&
#725000
18
1&
#730000
08
0&
#735000
0'
18
1&
0+
0,
#740000
08
0&
#745000
18
1&
#750000
1'
08
0&
#755000
18
1&
#760000
08
0&
#765000
18
1&
#770000
08
0&
#775000
18
1&
#776000
b1111111100 (
b1 )
b11101101001111001001010011110110 .
b11 /
1+
#780000
08
0&
#785000
18
1&
#786000
1,
#790000
08
0&
#795000
18
1&
#800000
08
0&
#805000
18
1&
#810000
08
0&
#815000
18
1&
#820000
08
0&
#825000
18
1&
#830000
08
0&
#835000
18
1&
#836000
10
#840000
08
0&
#845000
18
1&
#846000
0+
0,
00
#850000
08
0&
#855000
18
1&
#860000
08
0&
#865000
18
1&
#870000
08
0&
#875000
18
1&
#876000
b101110001000 (
0-
b11 )
b0 .
b0 /
1+
#880000
08
0&
#885000
18
1&
#886000
1,
#890000
08
0&
#891000
0'
0+
0,
#895000
18
1&
#900000
08
0&
#905000
18
1&
#910000
08
0&
#915000
18
1&
#916000
1'
#920000
08
0&
#925000
18
1&
#930000
08
0&
#935000
18
1&
#940000
08
0&
#945000
18
1&
#946000
b11011110000 (
b111 )
1+
#950000
08
0&
#955000
18
1&
#956000
1,
#960000
08
0&
#965000
18
1&
#970000
0'
08
0&
0+
0,
#975000
18
1&
#980000
1'
08
0&
#985000
18
1&
#990000
08
0&
#995000
18
1&
#1000000
08
0&
#1005000
18
1&
#1006000
b100001110100 (
1-
b110 )
b10000000011000111011010001110111 .
b1110 /
1+
#1010000
08
0&
#1015000
18
1&
#1016000
1,
#1020000
08
0&
#1025000
18
1&
#1030000
08
0&
#1035000
18
1&
#1040000
08
0&
#1045000
18
1&
#1050000
08
0&
#1055000
18
1&
#1060000
08
0&
#1065000
18
1&
#1070000
08
0&
#1075000
18
1&
#1076000
10
#1080000
08
0&
#1084000
0'
00
0+
0,
#1085000
18
1&
#1090000
08
0&
#1095000
18
1&
#1100000
08
0&
#1105000
18
1&
#1109000
1'
#1110000
08
0&
#1115000
18
1&
#1120000
08
0&
#1125000
18
1&
#1126000
b101100100100 (
b10111011101111001000110010110110 .
b1 /
1+
#1130000
08
0&
#1135000
18
1&
#1136000
1,
#1140000
08
0&
#1145000
18
1&
#1150000
08
0&
#1155000
18
1&
#1156000
10
#1160000
08
0&
#1165000
18
1&
#1166000
0+
0,
00
#1170000
08
0&
#1175000
18
1&
#1180000
08
0&
#1185000
18
1&
#1190000
08
0&
#1195000
18
1&
#1196000
b111101011000 (
0-
b11 )
b0 .
b0 /
1+
#1200000
08
0&
#1205000
18
1&
#1206000
1,
#1210000
08
0&
#1215000
18
1&
#1220000
08
0&
#1225000
18
1&
#1230000
08
0&
#1235000
18
1&
#1240000
08
0&
#1245000
18
1&
#1246000
10
b11011110101011011011111011101111 1
#1250000
08
0&
#1255000
18
1&
#1256000
0+
0,
00
b0 1
#1260000
08
0&
#1265000
18
1&
#1266000
b11001100000 (
1-
b10001001100001100110011011100 .
b1111 /
1+
#1270000
08
0&
#1275000
18
1&
#1276000
1,
#1280000
08
0&
#1285000
18
1&
#1290000
08
0&
#1295000
18
1&
#1300000
08
0&
#1305000
18
1&
#1310000
08
0&
#1315000
18
1&
#1320000
08
0&
#1325000
18
1&
#1330000
08
0&
#1335000
18
1&
#1336000
10
#1340000
08
0&
#1345000
18
1&
#1346000
0'
00
0+
0,
#1350000
08
0&
#1355000
18
1&
#1360000
08
0&
#1365000
18
1&
#1370000
08
0&
#1371000
1'
#1375000
18
1&
#1380000
08
0&
#1385000
18
1&
#1390000
08
0&
#1395000
18
1&
#1400000
08
0&
#1405000
18
1&
#1406000
b110010110000 (
0-
b111 )
b0 .
b0 /
1+
#1410000
08
0&
#1415000
18
1&
#1416000
1,
#1420000
08
0&
#1425000
18
1&
#1430000
08
0&
#1435000
18
1&
#1440000
08
0&
#1445000
0'
18
1&
0+
0,
#1450000
08
0&
#1455000
1'
18
1&
#1460000
08
0&
#1465000
18
1&
#1470000
08
0&
#1475000
18
1&
#1476000
b10001100 (
b0 )
1+
#1480000
08
0&
#1485000
18
1&
#1486000
1,
#1490000
08
0&
#1495000
18
1&
#1500000
08
0&
#1505000
18
1&
#1510000
08
0&
#1515000
18
1&
#1520000
08
0&
#1525000
18
1&
#1530000
08
0&
#1535000
18
1&
#1536000
10
b11011110101011011011111011101111 1
#1540000
08
0&
#1545000
18
1&
#1546000
0+
0,
00
b0 1
#1550000
08
0&
#1555000
18
1&
#1556000
b100000 (
1-
b10 )
b10001111101111001011010001010011 .
b111 /
1+
#1560000
08
0&
#1565000
18
1&
#1566000
1,
#1570000
08
0&
#1575000
18
1&
#1580000
08
0&
#1585000
18
1&
#1590000
08
0&
#1595000
18
1&
#1600000
08
0&
#1605000
18
1&
#1606000
10
#1610000
08
0&
#1615000
18
1&
#1616000
0+
0,
00
#1620000
08
0&
#1625000
18
1&
#1630000
08
0&
#1635000
18
1&
#1640000
08
0&
#1645000
0'
18
1&
#1650000
08
0&
#1655000
18
1&
#1660000
08
0&
#1665000
1'
18
1&
#1670000
08
0&
#1675000
18
1&
#1680000
08
0&
#1685000
18
1&
#1690000
08
0&
#1695000
18
1&
#1696000
b11001011000 (
b1 )
b11011000010100011110010010000101 .
b1110 /
1+
#1700000
08
0&
#1705000
18
1&
#1706000
1,
#1710000
08
0&
#1715000
18
1&
#1720000
08
0&
#1725000
18
1&
#1730000
08
0&
#1735000
18
1&
#1740000
08
0&
#1745000
18
1&
#1750000
08
0&
#1755000
18
1&
#1756000
10
#1760000
08
0&
#1765000
18
1&
#1766000
0+
0,
00
#1770000
08
0&
#1773000
0'
#1775000
18
1&
#1780000
08
0&
#1785000
18
1&
#1790000
08
0&
#1795000
18
1&
#1798000
1'
#1800000
08
0&
#1805000
18
1&
#1810000
08
0&
#1815000
18
1&
#1820000
08
0&
#1825000
18
1&
#1830000
08
0&
#1835000
18
1&
#1836000
b10110101100 (
0-
b11 )
b0 .
b0 /
1+
#1840000
08
0&
#1845000
18
1&
#1846000
1,
#1850000
08
0&
#1855000
18
1&
#1860000
08
0&
#1865000
18
1&
#1870000
08
0&
#1874000
0'
0+
0,
#1875000
18
1&
#1880000
08
0&
#1884000
1'
#1885000
18
1&
#1886000
b1100100000 (
1-
b101 )
b1001011001110011111011110101011 .
b100 /
1+
#1890000
08
0&
#1895000
18
1&
#1896000
1,
#1900000
08
0&
#1905000
18
1&
#1910000
08
0&
#1915000
18
1&
#1920000
08
0&
#1925000
18
1&
#1926000
10
#1930000
08
0&
#1935000
18
1&
#1936000
0+
0,
00
#1940000
08
0&
#1945000
18
1&
#1946000
b1001110100 (
0-
b110 )
b0 .
b0 /
1+
#1950000
08
0&
#1955000
18
1&
#1956000
1,
#1959000
0'
0+
0,
#1960000
08
0&
#1965000
18
1&
#1969000
1'
#1970000
08
0&
#1975000
18
1&
#1976000
b1000100100 (
1-
b10 )
b11010011111110010110001000110011 .
b1010 /
1+
#1980000
08
0&
#1985000
18
1&
#1986000
1,
#1990000
08
0&
#1995000
18
1&
#2000000
08
0&
#2005000
18
1&
#2010000
08
0&
#2015000
18
1&
#2020000
08
0&
#2025000
18
1&
#2030000
08
0&
#2035000
18
1&
#2040000
08
0&
#2045000
18
1&
#2046000
10
#2050000
08
0&
#2055000
18
1&
#2056000
0+
0,
00
#2060000
08
0&
#2065000
0'
18
1&
#2070000
08
0&
#2075000
18
1&
#2080000
1'
08
0&
#2085000
18
1&
#2090000
08
0&
#2095000
18
1&
#2100000
08
0&
#2105000
18
1&
#2106000
b101000001100 (
0-
b0 )
b0 .
b0 /
1+
#2110000
08
0&
#2115000
18
1&
#2116000
1,
#2120000
08
0&
#2125000
18
1&
#2130000
08
0&
#2135000
18
1&
#2140000
08
0&
#2145000
18
1&
#2146000
10
b11011110101011011011111011101111 1
#2150000
08
0&
#2155000
18
1&
#2156000
0+
0,
00
b0 1
#2160000
08
0&
#2161000
0'
#2165000
18
1&
#2170000
08
0&
#2171000
1'
#2175000
18
1&
#2180000
08
0&
#2185000
18
1&
#2190000
08
0&
#2195000
18
1&
#2196000
b1000 (
1+
#2200000
08
0&
#2205000
18
1&
#2206000
1,
#2210000
08
0&
#2215000
18
1&
#2220000
08
0&
#2225000
18
1&
#2230000
08
0&
#2235000
18
1&
#2240000
08
0&
#2245000
18
1&
#2250000
08
0&
#2255000
18
1&
#2260000
08
0&
#2265000
18
1&
#2266000
10
b11011110101011011011111011101111 1
#2270000
08
0&
#2275000
18
1&
#2276000
0+
0,
00
b0 1
#2280000
08
0&
#2285000
18
1&
#2290000
08
0&
#2295000
18
1&
#2296000
b101001000 (
1-
b100001111011110011101101000 .
b1101 /
1+
#2300000
08
0&
#2305000
18
1&
#2306000
1,
#2310000
08
0&
#2315000
18
1&
#2320000
08
0&
#2325000
18
1&
#2330000
08
0&
#2334000
0'
0+
0,
#2335000
18
1&
#2340000
08
0&
#2345000
18
1&
#2349000
1'
#2350000
08
0&
#2355000
18
1&
#2360000
08
0&
#2365000
18
1&
#2366000
b10000100100 (
b100 )
b10111110110111101000011011110000 .
b101 /
1+
#2370000
08
0&
#2375000
18
1&
#2376000
1,
#2380000
08
0&
#2385000
18
1&
#2390000
08
0&
#2395000
18
1&
#2400000
08
0&
#2405000
18
1&
#2406000
10
#2410000
08
0&
#2415000
18
1&
#2416000
0+
0,
00
#2420000
08
0&
#2425000
18
1&
#2426000
b10000100 (
b0 )
b100001011010010101111100001 .
1+
#2430000
08
0&
#2435000
18
1&
#2436000
1,
#2440000
08
0&
#2445000
18
1&
#2449000
0'
0+
0,
#2450000
08
0&
#2455000
18
1&
#2459000
1'
#2460000
08
0&
#2465000
18
1&
#2466000
b11000101000 (
b101 )
b1000000101100101110010000000 .
b110 /
1+
#2470000
08
0&
#2475000
18
1&
#2476000
1,
#2480000
08
0&
#2485000
18
1&
#2490000
08
0&
#2495000
18
1&
#2500000
08
0&
#2505000
18
1&
#2510000
08
0&
#2515000
18
1&
#2520000
08
0&
#2525000
18
1&
#2526000
10
#2530000
08
0&
#2535000
18
1&
#2536000
0+
0,
00
#2540000
08
0&
#2545000
18
1&
#2550000
08
0&
#2555000
18
1&
#2560000
08
0&
#2565000
18
1&
#2566000
b11110111000 (
0-
b110 )
b0 .
b0 /
1+
#2570000
08
0&
#2575000
18
1&
#2576000
1,
#2580000
08
0&
#2585000
18
1&
#2590000
08
0&
#2595000
18
1&
#2600000
08
0&
#2605000
18
1&
#2610000
08
0&
#2615000
18
1&
#2620000
08
0&
#2625000
18
1&
#2626000
10
b11011110101011011011111011101111 1
#2630000
08
0&
#2635000
18
1&
#2636000
0+
0,
00
b0 1
#2640000
08
0&
#2645000
18
1&
#2650000
08
0&
#2655000
18
1&
#2660000
08
0&
#2665000
18
1&
#2670000
08
0&
#2675000
18
1&
#2676000
b1111000 (
1-
b111 )
b11010111111100000010101100011111 .
b11 /
1+
#2680000
08
0&
#2685000
18
1&
#2686000
1,
#2690000
08
0&
#2691000
0'
0+
0,
#2695000
18
1&
#2700000
08
0&
#2705000
18
1&
#2710000
08
0&
#2711000
1'
#2715000
18
1&
#2720000
08
0&
#2725000
18
1&
#2730000
08
0&
#2735000
18
1&
#2740000
08
0&
#2745000
18
1&
#2746000
b100100100100 (
0-
b1 )
b0 .
b0 /
1+
#2750000
08
0&
#2755000
18
1&
#2756000
1,
#2760000
08
0&
#2765000
18
1&
#2770000
08
0&
#2775000
18
1&
#2779000
0'
0+
0,
#2780000
08
0&
#2785000
18
1&
#2790000
08
0&
#2795000
18
1&
#2800000
08
0&
#2804000
1'
#2805000
18
1&
#2810000
08
0&
#2815000
18
1&
#2816000
b111101101000 (
1-
b11 )
b1011011011110110001111101001011 .
b1000 /
1+
#2820000
08
0&
#2825000
18
1&
#2826000
1,
#2830000
08
0&
#2835000
18
1&
#2840000
08
0&
#2845000
18
1&
#2850000
08
0&
#2855000
18
1&
#2856000
10
#2860000
08
0&
#2865000
18
1&
#2866000
0+
0,
00
#2870000
08
0&
#2875000
18
1&
#2880000
08
0&
#2885000
18
1&
#2890000
08
0&
#2895000
18
1&
#2896000
b10010011100 (
0-
b0 .
b0 /
1+
#2900000
08
0&
#2905000
18
1&
#2906000
1,
#2910000
08
0&
#2915000
18
1&
#2920000
08
0&
#2925000
18
1&
#2926000
10
b11011110101011011011111011101111 1
#2930000
08
0&
#2935000
18
1&
#2936000
0+
0,
00
b0 1
#2940000
08
0&
#2945000
18
1&
#2950000
08
0&
#2955000
18
1&
#2960000
08
0&
#2965000
18
1&
#2970000
08
0&
#2975000
18
1&
#2976000
b110000001100 (
1-
b100 )
b1001000110001011100110101111000 .
b1100 /
1+
#2980000
08
0&
#2985000
18
1&
#2986000
1,
#2990000
08
0&
#2995000
18
1&
#3000000
08
0&
#3005000
18
1&
#3010000
08
0&
#3015000
18
1&
#3020000
08
0&
#3025000
18
1&
#3030000
08
0&
#3035000
18
1&
#3036000
0'
0+
0,
#3040000
08
0&
#3045000
18
1&
#3050000
08
0&
#3055000
18
1&
#3056000
1'
#3060000
08
0&
#3065000
18
1&
#3066000
b1110010100 (
b11001101011101101010001001111100 .
b11 /
1+
#3070000
08
0&
#3075000
18
1&
#3076000
1,
#3080000
08
0&
#3085000
18
1&
#3090000
08
0&
#3095000
18
1&
#3100000
08
0&
#3105000
18
1&
#3110000
08
0&
#3115000
18
1&
#3120000
08
0&
#3125000
18
1&
#3126000
10
#3130000
08
0&
#3135000
18
1&
#3136000
0+
0,
00
#3140000
08
0&
#3145000
18
1&
#3150000
08
0&
#3155000
18
1&
#3156000
b1001100000 (
0-
b10 )
b0 .
b0 /
1+
#3160000
08
0&
#3165000
18
1&
#3166000
1,
#3170000
08
0&
#3175000
18
1&
#3180000
0'
08
0&
0+
0,
#3185000
18
1&
#3190000
1'
08
0&
#3195000
18
1&
#3200000
08
0&
#3205000
18
1&
#3210000
08
0&
#3215000
18
1&
#3220000
08
0&
#3225000
18
1&
#3226000
b101010100000 (
1-
b1 )
b11001110001000111010101011100111 .
b1101 /
1+
#3230000
08
0&
#3235000
18
1&
#3236000
1,
#3240000
08
0&
#3245000
18
1&
#3250000
08
0&
#3255000
18
1&
#3260000
08
0&
#3265000
18
1&
#3266000
10
#3270000
08
0&
#3275000
18
1&
#3276000
0+
0,
00
#3280000
08
0&
#3285000
18
1&
#3290000
08
0&
#3295000
18
1&
#3300000
08
0&
#3305000
18
1&
#3306000
b1101011100 (
0-
b0 .
b0 /
1+
#3310000
08
0&
#3315000
18
1&
#3316000
1,
#3320000
08
0&
#3325000
18
1&
#3326000
0'
0+
0,
#3330000
08
0&
#3335000
18
1&
#3340000
08
0&
#3345000
18
1&
#3350000
08
0&
#3351000
1'
#3355000
18
1&
#3360000
08
0&
#3365000
18
1&
#3370000
08
0&
#3375000
18
1&
#3376000
b101010001000 (
b0 )
1+
#3380000
08
0&
#3385000
18
1&
#3386000
1,
#3390000
08
0&
#3395000
18
1&
#3400000
08
0&
#3405000
18
1&
#3410000
08
0&
#3415000
18
1&
#3420000
08
0&
#3425000
18
1&
#3430000
08
0&
#3435000
18
1&
#3436000
10
b11011110101011011011111011101111 1
#3440000
08
0&
#3445000
18
1&
#3446000
0+
0,
00
b0 1
#3448000
0'
#3450000
08
0&
#3455000
18
1&
#3460000
08
0&
#3465000
18
1&
#3468000
1'
#3470000
08
0&
#3475000
18
1&
#3480000
08
0&
#3485000
18
1&
#3490000
08
0&
#3495000
18
1&
#3496000
b100100011100 (
1-
b111 )
b11000111001011000111101010011000 .
b10 /
1+
#3500000
08
0&
#3505000
18
1&
#3506000
1,
#3510000
08
0&
#3515000
18
1&
#3520000
08
0&
#3525000
18
1&
#3530000
08
0&
#3535000
18
1&
#3540000
08
0&
#3545000
18
1&
#3546000
10
#3550000
08
0&
#3555000
18
1&
#3556000
0+
0,
00
#3560000
08
0&
#3565000
18
1&
#3570000
08
0&
#3575000
18
1&
#3580000
08
0&
#3585000
18
1&
#3590000
08
0&
#3595000
18
1&
#3596000
b110111000100 (
b110 )
b10110100011001101101000100101010 .
b101 /
1+
#3600000
08
0&
#3605000
18
1&
#3606000
1,
#3610000
08
0&
#3615000
18
1&
#3620000
08
0&
#3625000
18
1&
#3630000
08
0&
#3635000
18
1&
#3640000
08
0&
#3645000
18
1&
#3650000
08
0&
#3655000
18
1&
#3660000
08
0&
#3665000
18
1&
#3666000
10
#3670000
08
0&
#3675000
18
1&
#3676000
0+
0,
00
#3680000
08
0&
#3685000
18
1&
#3690000
08
0&
#3695000
18
1&
#3700000
08
0&
#3704000
0'
#3705000
18
1&
#3710000
08
0&
#3715000
18
1&
#3720000
08
0&
#3724000
1'
#3725000
18
1&
#3730000
08
0&
#3735000
18
1&
#3740000
08
0&
#3745000
18
1&
#3746000
b111001010000 (
0-
b101 )
b0 .
b0 /
1+
#3750000
08
0&
#3755000
18
1&
#3756000
1,
#3760000
08
0&
#3765000
18
1&
#3770000
08
0&
#3775000
18
1&
#3780000
08
0&
#3785000
18
1&
#3790000
08
0&
#3795000
18
1&
#3800000
08
0&
#3805000
18
1&
#3810000
08
0&
#3815000
18
1&
#3816000
10
b11011110101011011011111011101111 1
#3820000
08
0&
#3825000
18
1&
#3826000
0+
0,
00
b0 1
#3830000
08
0&
#3835000
18
1&
#3836000
b110100100000 (
b110 )
1+
#3838000
0'
0+
#3840000
08
0&
#3845000
18
1&
#3848000
1'
#3850000
08
0&
#3855000
18
1&
#3860000
08
0&
#3865000
18
1&
#3870000
08
0&
#3875000
18
1&
#3876000
b101010101100 (
b101 )
1+
#3880000
08
0&
#3885000
18
1&
#3886000
1,
#3890000
08
0&
#3895000
18
1&
#3900000
08
0&
#3905000
18
1&
#3910000
08
0&
#3915000
18
1&
#3920000
08
0&
#3925000
18
1&
#3930000
08
0&
#3935000
18
1&
#3940000
08
0&
#3945000
18
1&
#3946000
10
b11011110101011011011111011101111 1
#3950000
08
0&
#3955000
18
1&
#3956000
0+
0,
00
b0 1
#3960000
08
0&
#3965000
18
1&
#3966000
b101100001100 (
1-
b1 )
b101001001000110010010110001 .
b110 /
1+
#3970000
08
0&
#3975000
18
1&
#3976000
1,
#3980000
08
0&
#3985000
18
1&
#3990000
08
0&
#3995000
18
1&
#4000000
08
0&
#4005000
18
1&
#4010000
08
0&
#4015000
18
1&
#4020000
08
0&
#4025000
18
1&
#4030000
08
0&
#4035000
18
1&
#4036000
10
#4040000
08
0&
#4045000
18
1&
#4046000
0+
0,
00
#4050000
08
0&
#4051000
0'
#4055000
18
1&
#4060000
08
0&
#4065000
18
1&
#4070000
08
0&
#4075000
18
1&
#4076000
1'
#4080000
08
0&
#4085000
18
1&
#4090000
08
0&
#4095000
18
1&
#4096000
b101001100000 (
0-
b111 )
b0 .
b0 /
1+
#4100000
08
0&
#4105000
18
1&
#4106000
1,
#4110000
08
0&
#4115000
18
1&
#4120000
08
0&
#4125000
18
1&
#4126000
10
b11011110101011011011111011101111 1
#4130000
08
0&
#4135000
18
1&
#4136000
0+
0,
00
b0 1
#4140000
08
0&
#4145000
18
1&
#4150000
08
0&
#4155000
18
1&
#4156000
0'
b111100110000 (
1+
#4160000
08
0&
#4165000
18
1&
#4170000
08
0&
#4175000
18
1&
#4176000
1'
#4180000
08
0&
#4185000
18
1&
#4190000
08
0&
#4195000
18
1&
#4200000
08
0&
#4205000
18
1&
#4206000
b110000000100 (
b10 )
#4210000
08
0&
#4215000
18
1&
#4216000
1,
#4220000
08
0&
#4225000
18
1&
#4226000
10
b11011110101011011011111011101111 1
#4230000
08
0&
#4235000
18
1&
#4236000
0+
0,
00
b0 1
#4240000
08
0&
#4245000
18
1&
#4246000
b10010111100 (
1-
b0 )
b10101010110001111000010011000011 .
b1111 /
1+
#4250000
08
0&
#4255000
18
1&
#4256000
1,
#4260000
08
0&
#4265000
18
1&
#4270000
08
0&
#4275000
18
1&
#4280000
08
0&
#4285000
18
1&
#4290000
08
0&
#4295000
18
1&
#4296000
10
#4300000
08
0&
#4305000
18
1&
#4306000
0+
0,
00
#4310000
08
0&
#4315000
18
1&
#4320000
08
0&
#4323000
0'
#4325000
18
1&
#4330000
08
0&
#4333000
1'
#4335000
18
1&
#4336000
b1001011100 (
b1 )
b11001110111101101001011100011011 .
1+
#4340000
08
0&
#4345000
18
1&
#4346000
1,
#4350000
08
0&
#4355000
18
1&
#4360000
08
0&
#4365000
18
1&
#4370000
08
0&
#4375000
18
1&
#4376000
10
#4380000
08
0&
#4385000
18
1&
#4386000
0+
0,
00
#4390000
08
0&
#4395000
18
1&
#4400000
08
0&
#4405000
18
1&
#4406000
b101000011100 (
b10010001111110011010010011110101 .
b111 /
1+
#4410000
08
0&
#4415000
18
1&
#4416000
1,
#4420000
08
0&
#4425000
18
1&
#4430000
08
0&
#4435000
18
1&
#4440000
08
0&
#4445000
18
1&
#4450000
08
0&
#4455000
18
1&
#4456000
10
#4460000
08
0&
#4465000
18
1&
#4466000
0+
0,
00
#4470000
08
0&
#4475000
18
1&
#4476000
b101101011000 (
0-
b100 )
b0 .
b0 /
1+
#4480000
08
0&
#4485000
18
1&
#4486000
1,
#4490000
08
0&
#4495000
18
1&
#4500000
08
0&
#4505000
18
1&
#4510000
08
0&
#4515000
18
1&
#4520000
08
0&
#4525000
18
1&
#4530000
08
0&
#4535000
18
1&
#4536000
10
b11011110101011011011111011101111 1
#4540000
08
0&
#4545000
18
1&
#4546000
0+
0,
00
b0 1
#4550000
08
0&
#4555000
18
1&
#4556000
b10010110100 (
1-
b110 )
b11110110011111110011111000101 .
b110 /
1+
#4560000
08
0&
#4565000
18
1&
#4566000
1,
#4570000
0'
08
0&
0+
0,
#4575000
18
1&
#4580000
08
0&
#4585000
1'
18
1&
#4590000
08
0&
#4595000
18
1&
#4596000
b100010011000 (
0-
b0 )
b0 .
b0 /
1+
#4600000
08
0&
#4605000
18
1&
#4606000
1,
#4610000
08
0&
#4615000
18
1&
#4620000
08
0&
#4625000
18
1&
#4630000
08
0&
#4635000
18
1&
#4640000
08
0&
#4645000
18
1&
#4650000
08
0&
#4655000
18
1&
#4660000
08
0&
#4665000
18
1&
#4666000
10
b11011110101011011011111011101111 1
#4670000
08
0&
#4675000
18
1&
#4676000
0+
0,
00
b0 1
#4680000
08
0&
#4685000
18
1&
#4690000
08
0&
#4695000
18
1&
#4696000
b100111011000 (
1-
b101 )
b1000111111010000100011011000011 .
b1100 /
1+
#4700000
08
0&
#4705000
18
1&
#4706000
1,
#4710000
08
0&
#4715000
18
1&
#4720000
08
0&
#4725000
18
1&
#4730000
08
0&
#4735000
18
1&
#4740000
08
0&
#4745000
18
1&
#4746000
10
#4750000
08
0&
#4755000
18
1&
#4756000
0+
0,
00
#4760000
08
0&
#4765000
18
1&
#4770000
08
0&
#4775000
18
1&
#4780000
08
0&
#4783000
0'
#4785000
18
1&
#4790000
08
0&
#4795000
18
1&
#4800000
08
0&
#4805000
18
1&
#4808000
1'
#4810000
08
0&
#4815000
18
1&
#4820000
08
0&
#4825000
18
1&
#4826000
b11101110000 (
0-
b0 .
b0 /
1+
#4830000
08
0&
#4835000
18
1&
#4836000
1,
#4840000
08
0&
#4845000
18
1&
#4850000
08
0&
#4855000
18
1&
#4856000
10
b11011110101011011011111011101111 1
#4860000
08
0&
#4865000
18
1&
#4866000
0+
0,
00
b0 1
#4870000
08
0&
#4875000
18
1&
#4876000
b1100101000 (
1-
b111 )
b1100001100011111011001100111 .
b10 /
1+
#4880000
08
0&
#4885000
18
1&
#4886000
1,
#4890000
08
0&
#4895000
18
1&
#4900000
08
0&
#4905000
18
1&
#4910000
08
0&
#4915000
18
1&
#4920000
08
0&
#4925000
18
1&
#4930000
08
0&
#4931000
0'
0+
0,
#4935000
18
1&
#4940000
08
0&
#4945000
18
1&
#4946000
1'
#4950000
08
0&
#4955000
18
1&
#4960000
08
0&
#4965000
18
1&
#4970000
08
0&
#4975000
18
1&
#4980000
08
0&
#4985000
18
1&
#4986000
b101010100000 (
b0 )
b111011110101010110011010000110 .
b1 /
1+
#4990000
08
0&
#4995000
18
1&
#4996000
1,
#5000000
08
0&
#5005000
18
1&
#5010000
08
0&
#5014000
0'
0+
0,
#5015000
18
1&
#5020000
08
0&
#5025000
18
1&
#5029000
1'
#5030000
08
0&
#5035000
18
1&
#5040000
08
0&
#5045000
18
1&
#5050000
08
0&
#5055000
18
1&
#5060000
08
0&
#5065000
18
1&
#5066000
b1000100 (
b111 )
b10101111111011001100110110001011 .
1+
#5070000
08
0&
#5075000
18
1&
#5076000
1,
#5080000
08
0&
#5085000
18
1&
#5090000
08
0&
#5095000
18
1&
#5100000
08
0&
#5105000
18
1&
#5110000
08
0&
#5115000
18
1&
#5120000
08
0&
#5125000
18
1&
#5130000
08
0&
#5135000
18
1&
#5136000
10
#5140000
08
0&
#5145000
18
1&
#5146000
0+
0,
00
#5150000
08
0&
#5155000
18
1&
#5160000
08
0&
#5165000
18
1&
#5170000
08
0&
#5175000
18
1&
#5180000
08
0&
#5185000
18
1&
#5186000
b11001110000 (
0-
b110 )
b0 .
b0 /
1+
#5190000
08
0&
#5195000
18
1&
#5196000
1,
#5200000
08
0&
#5205000
18
1&
#5210000
08
0&
#5215000
18
1&
#5220000
08
0&
#5225000
18
1&
#5230000
08
0&
#5235000
18
1&
#5236000
10
b11011110101011011011111011101111 1
#5240000
08
0&
#5245000
18
1&
#5246000
0+
0,
00
b0 1
#5250000
08
0&
#5255000
18
1&
#5260000
08
0&
#5265000
0'
18
1&
#5270000
08
0&
#5275000
18
1&
#5280000
08
0&
#5285000
18
1&
#5290000
1'
08
0&
#5295000
18
1&
#5300000
08
0&
#5305000
18
1&
#5310000
08
0&
#5315000
18
1&
#5316000
b101010010100 (
1-
b101 )
b11001110111100001101010101110 .
b1100 /
1+
#5320000
08
0&
#5325000
18
1&
#5326000
1,
#5330000
08
0&
#5335000
18
1&
#5340000
08
0&
#5345000
18
1&
#5350000
08
0&
#5355000
18
1&
#5360000
08
0&
#5365000
18
1&
#5370000
08
0&
#5375000
18
1&
#5376000
10
#5380000
08
0&
#5385000
18
1&
#5386000
0+
0,
00
#5390000
08
0&
#5395000
18
1&
#5400000
08
0&
#5405000
18
1&
#5410000
08
0&
#5415000
18
1&
#5420000
08
0&
#5425000
18
1&
#5426000
b100001010000 (
0-
b10 )
b0 .
b0 /
1+
#5430000
08
0&
#5435000
18
1&
#5436000
1,
#5440000
08
0&
#5445000
18
1&
#5450000
08
0&
#5455000
18
1&
#5456000
10
b11011110101011011011111011101111 1
#5460000
08
0&
#5465000
18
1&
#5466000
0+
0,
00
b0 1
#5470000
08
0&
#5472000
0'
#5475000
18
1&
#5480000
08
0&
#5485000
18
1&
#5490000
08
0&
#5495000
18
1&
#5497000
1'
#5500000
08
0&
#5505000
18
1&
#5510000
08
0&
#5515000
18
1&
#5520000
08
0&
#5525000
18
1&
#5530000
08
0&
#5535000
18
1&
#5536000
b1100111100 (
1-
b11001000100011111101100101 .
b1011 /
1+
#5540000
08
0&
#5545000
18
1&
#5546000
1,
#5550000
08
0&
#5555000
18
1&
#5560000
08
0&
#5565000
18
1&
#5570000
08
0&
#5575000
18
1&
#5580000
08
0&
#5585000
18
1&
#5586000
10
#5590000
08
0&
#5595000
18
1&
#5596000
0+
0,
00
#5600000
08
0&
#5605000
18
1&
#5610000
08
0&
#5615000
18
1&
#5620000
08
0&
#5625000
18
1&
#5626000
b11000010100 (
b11 )
b10001101100010100110110101110101 .
b1010 /
1+
#5630000
08
0&
#5635000
18
1&
#5636000
1,
#5640000
08
0&
#5645000
18
1&
#5650000
08
0&
#5655000
18
1&
#5660000
08
0&
#5665000
18
1&
#5670000
08
0&
#5675000
18
1&
#5680000
08
0&
#5685000
18
1&
#5690000
08
0&
#5695000
18
1&
#5696000
10
#5700000
08
0&
#5702000
0'
00
0+
0,
#5705000
18
1&
#5710000
08
0&
#5715000
18
1&
#5720000
08
0&
#5725000
18
1&
#5727000
1'
#5730000
08
0&
#5735000
18
1&
#5740000
08
0&
#5745000
18
1&
#5750000
08
0&
#5755000
18
1&
#5760000
08
0&
#5765000
18
1&
#5766000
b110101010000 (
b100 )
b11110101111001100101111101111011 .
b1011 /
1+
#5770000
08
0&
#5775000
18
1&
#5776000
1,
#5780000
08
0&
#5785000
18
1&
#5790000
08
0&
#5795000
18
1&
#5800000
08
0&
#5805000
18
1&
#5806000
10
#5810000
08
0&
#5815000
18
1&
#5816000
0+
0,
00
#5820000
08
0&
#5825000
18
1&
#5826000
b110001100100 (
b111 )
b1101111010010000010000100101000 .
b10 /
1+
#5830000
08
0&
#5835000
18
1&
#5836000
1,
#5840000
08
0&
#5845000
18
1&
#5850000
08
0&
#5855000
18
1&
#5860000
08
0&
#5865000
18
1&
#5866000
10
#5870000
08
0&
#5875000
18
1&
#5876000
0+
0,
00
#5880000
08
0&
#5885000
18
1&
#5889000
0'
#5890000
08
0&
#5895000
18
1&
#5899000
1'
#5900000
08
0&
#5905000
18
1&
#5910000
08
0&
#5915000
18
1&
#5916000
b10110001000 (
0-
b11 )
b0 .
b0 /
1+
#5920000
08
0&
#5925000
18
1&
#5926000
1,
#5930000
08
0&
#5935000
18
1&
#5940000
08
0&
#5945000
18
1&
#5950000
08
0&
#5955000
0'
18
1&
0+
0,
#5960000
08
0&
#5965000
1'
18
1&
#5970000
08
0&
#5975000
18
1&
#5980000
08
0&
#5985000
18
1&
#5990000
08
0&
#5995000
18
1&
#5996000
b111110110000 (
1-
b110 )
b1111011010010100000110100110001 .
b100 /
1+
#6000000
08
0&
#6005000
18
1&
#6006000
1,
#6010000
08
0&
#6015000
18
1&
#6020000
08
0&
#6025000
18
1&
#6030000
08
0&
#6035000
18
1&
#6040000
08
0&
#6045000
18
1&
#6046000
10
#6050000
08
0&
#6055000
18
1&
#6056000
0+
0,
00
#6060000
08
0&
#6065000
18
1&
#6067000
0'
#6070000
08
0&
#6075000
18
1&
#6080000
08
0&
#6085000
18
1&
#6090000
08
0&
#6092000
1'
#6095000
18
1&
#6100000
08
0&
#6105000
18
1&
#6110000
08
0&
#6115000
18
1&
#6116000
b10101011100 (
0-
b11 )
b0 .
b0 /
1+
#6120000
08
0&
#6125000
18
1&
#6126000
1,
#6130000
08
0&
#6135000
18
1&
#6140000
08
0&
#6145000
18
1&
#6146000
10
b11011110101011011011111011101111 1
#6150000
08
0&
#6153000
0'
00
b0 1
0+
0,
#6155000
18
1&
#6160000
08
0&
#6165000
18
1&
#6170000
08
0&
#6173000
1'
#6175000
18
1&
#6180000
08
0&
#6185000
18
1&
#6186000
b101101100100 (
1-
b10 )
b10110100100011100010110100111110 .
b10 /
1+
#6190000
08
0&
#6195000
18
1&
#6196000
1,
#6200000
08
0&
#6205000
18
1&
#6210000
08
0&
#6215000
18
1&
#6220000
08
0&
#6225000
18
1&
#6230000
08
0&
#6235000
18
1&
#6240000
08
0&
#6245000
18
1&
#6246000
10
#6250000
08
0&
#6255000
18
1&
#6256000
0+
0,
00
#6260000
08
0&
#6265000
18
1&
#6270000
08
0&
#6275000
18
1&
#6280000
08
0&
#6285000
18
1&
#6286000
b1010001000 (
b0 )
b1110110110100010010001111001110 .
b1110 /
1+
#6290000
08
0&
#6295000
18
1&
#6296000
1,
#6300000
08
0&
#6305000
18
1&
#6310000
08
0&
#6315000
18
1&
#6320000
08
0&
#6325000
18
1&
#6326000
10
#6330000
08
0&
#6335000
18
1&
#6336000
0+
0,
00
#6340000
08
0&
#6345000
18
1&
#6350000
08
0&
#6355000
18
1&
#6356000
b111101101000 (
b11 )
b11011101010101001000100101110010 .
b1000 /
1+
#6360000
08
0&
#6365000
18
1&
#6366000
1,
#6370000
08
0&
#6375000
18
1&
#6380000
08
0&
#6385000
18
1&
#6386000
10
#6390000
08
0&
#6395000
18
1&
#6396000
0+
0,
00
#6400000
08
0&
#6405000
18
1&
#6410000
08
0&
#6414000
0'
#6415000
18
1&
#6420000
08
0&
#6425000
18
1&
#6429000
1'
#6430000
08
0&
#6435000
18
1&
#6440000
08
0&
#6445000
18
1&
#6450000
08
0&
#6455000
18
1&
#6460000
08
0&
#6465000
18
1&
#6466000
b11111111100 (
0-
b10 )
b0 .
b0 /
1+
#6470000
08
0&
#6475000
18
1&
#6476000
1,
#6480000
08
0&
#6485000
18
1&
#6490000
08
0&
#6494000
0'
0+
0,
#6495000
18
1&
#6500000
08
0&
#6505000
18
1&
#6510000
08
0&
#6515000
18
1&
#6519000
1'
#6520000
08
0&
#6525000
18
1&
#6530000
08
0&
#6535000
18
1&
#6536000
b111000000100 (
b111 )
1+
#6540000
08
0&
#6545000
18
1&
#6546000
1,
#6550000
08
0&
#6555000
18
1&
#6560000
08
0&
#6565000
18
1&
#6570000
08
0&
#6575000
18
1&
#6580000
08
0&
#6585000
18
1&
#6590000
08
0&
#6595000
18
1&
#6596000
10
b11011110101011011011111011101111 1
#6600000
08
0&
#6605000
18
1&
#6606000
0+
0,
00
b0 1
#6610000
08
0&
#6615000
18
1&
#6620000
08
0&
#6625000
18
1&
#6630000
08
0&
#6635000
18
1&
#6636000
0'
b101001010100 (
1-
b11101000110101101001111000110011 .
b101 /
1+
#6640000
08
0&
#6645000
18
1&
#6650000
08
0&
#6655000
18
1&
#6660000
08
0&
#6661000
1'
#6665000
18
1&
#6670000
08
0&
#6675000
18
1&
#6676000
b10010110100 (
b100 )
b110111111101011010111101010111 .
b1000 /
#6680000
08
0&
#6685000
18
1&
#6686000
1,
#6690000
08
0&
#6695000
18
1&
#6700000
08
0&
#6705000
18
1&
#6710000
08
0&
#6715000
18
1&
#6720000
08
0&
#6725000
18
1&
#6726000
10
#6730000
08
0&
#6735000
18
1&
#6736000
0+
0,
00
#6740000
08
0&
#6745000
18
1&
#6750000
08
0&
#6755000
18
1&
#6760000
08
0&
#6765000
18
1&
#6766000
b111100100000 (
b110 )
b10011000110110111000011101110011 .
b11 /
1+
#6770000
08
0&
#6775000
18
1&
#6776000
1,
#6780000
08
0&
#6785000
18
1&
#6790000
08
0&
#6795000
18
1&
#6796000
10
#6800000
08
0&
#6805000
18
1&
#6806000
0+
0,
00
#6810000
08
0&
#6815000
18
1&
#6820000
0'
08
0&
#6825000
18
1&
#6830000
08
0&
#6835000
18
1&
#6840000
1'
08
0&
#6845000
18
1&
#6850000
08
0&
#6855000
18
1&
#6860000
08
0&
#6865000
18
1&
#6866000
b111011101000 (
0-
b111 )
b0 .
b0 /
1+
#6870000
08
0&
#6875000
18
1&
#6876000
1,
#6880000
08
0&
#6885000
18
1&
#6890000
08
0&
#6895000
18
1&
#6896000
10
b11011110101011011011111011101111 1
#6900000
08
0&
#6905000
18
1&
#6906000
0+
0,
00
b0 1
#6910000
08
0&
#6915000
18
1&
#6920000
08
0&
#6925000
18
1&
#6926000
b100011100100 (
b110 )
1+
#6930000
08
0&
#6935000
18
1&
#6936000
1,
#6940000
08
0&
#6945000
18
1&
#6950000
08
0&
#6955000
18
1&
#6960000
08
0&
#6965000
18
1&
#6970000
08
0&
#6975000
18
1&
#6976000
10
b11011110101011011011111011101111 1
#6980000
08
0&
#6985000
18
1&
#6986000
0+
0,
00
b0 1
#6990000
08
0&
#6995000
18
1&
#7000000
08
0&
#7005000
18
1&
#7010000
08
0&
#7015000
18
1&
#7016000
b101000000 (
b0 )
1+
#7020000
08
0&
#7025000
18
1&
#7026000
1,
#7030000
08
0&
#7035000
18
1&
#7040000
08
0&
#7045000
18
1&
#7048000
0'
0+
0,
#7050000
08
0&
#7055000
18
1&
#7058000
1'
#7060000
08
0&
#7065000
18
1&
#7070000
08
0&
#7075000
18
1&
#7080000
08
0&
#7085000
18
1&
#7086000
1-
b1 )
b1011111111011101110101101010010 .
b1010 /
1+
#7090000
08
0&
#7095000
18
1&
#7096000
1,
#7100000
08
0&
#7105000
18
1&
#7109000
0'
0+
0,
#7110000
08
0&
#7115000
18
1&
#7120000
08
0&
#7125000
18
1&
#7130000
08
0&
#7134000
1'
#7135000
18
1&
#7140000
08
0&
#7145000
18
1&
#7146000
b101110001100 (
0-
b11 )
b0 .
b0 /
1+
#7150000
08
0&
#7155000
18
1&
#7156000
1,
#7160000
08
0&
#7165000
18
1&
#7170000
08
0&
#7175000
18
1&
#7176000
10
b11011110101011011011111011101111 1
#7180000
08
0&
#7185000
18
1&
#7186000
0+
0,
00
b0 1
#7190000
08
0&
#7194000
0'
#7195000
18
1&
#7200000
08
0&
#7205000
18
1&
#7209000
1'
#7210000
08
0&
#7215000
18
1&
#7220000
08
0&
#7225000
18
1&
#7230000
08
0&
#7235000
18
1&
#7236000
b11101111100 (
b111 )
1+
#7240000
08
0&
#7245000
18
1&
#7246000
1,
#7250000
08
0&
#7255000
18
1&
#7260000
08
0&
#7265000
18
1&
#7266000
10
b11011110101011011011111011101111 1
#7270000
08
0&
#7275000
18
1&
#7276000
0+
0,
00
b0 1
#7280000
08
0&
#7285000
18
1&
#7286000
b110011100100 (
b1 )
1+
#7290000
08
0&
#7295000
18
1&
#7296000
1,
#7300000
08
0&
#7305000
18
1&
#7310000
08
0&
#7315000
18
1&
#7316000
10
b11011110101011011011111011101111 1
#7320000
08
0&
#7325000
18
1&
#7326000
0+
0,
00
b0 1
#7330000
08
0&
#7335000
18
1&
#7340000
08
0&
#7345000
18
1&
#7346000
b10100010100 (
b110 )
1+
#7350000
08
0&
#7355000
18
1&
#7356000
1,
#7360000
08
0&
#7365000
18
1&
#7370000
08
0&
#7375000
18
1&
#7380000
08
0&
#7385000
18
1&
#7390000
08
0&
#7395000
18
1&
#7400000
08
0&
#7405000
18
1&
#7410000
08
0&
#7415000
18
1&
#7416000
10
b11011110101011011011111011101111 1
#7420000
08
0&
#7425000
18
1&
#7426000
0+
0,
00
b0 1
#7430000
08
0&
#7435000
18
1&
#7440000
08
0&
#7445000
18
1&
#7446000
b111001100 (
b1 )
1+
#7450000
08
0&
#7455000
18
1&
#7456000
1,
#7458000
0'
0+
0,
#7460000
08
0&
#7465000
18
1&
#7470000
08
0&
#7475000
18
1&
#7480000
08
0&
#7483000
1'
#7485000
18
1&
#7490000
08
0&
#7495000
18
1&
#7500000
08
0&
#7505000
18
1&
#7506000
b111100100 (
1-
b100 )
b101010011101111100111011010110 .
b1010 /
1+
#7510000
08
0&
#7515000
18
1&
#7516000
1,
#7520000
08
0&
#7525000
18
1&
#7530000
08
0&
#7535000
18
1&
#7540000
08
0&
#7545000
18
1&
#7550000
08
0&
#7555000
18
1&
#7556000
10
#7560000
08
0&
#7565000
18
1&
#7566000
0+
0,
00
#7570000
08
0&
#7575000
18
1&
#7580000
08
0&
#7585000
18
1&
#7590000
08
0&
#7595000
18
1&
#7596000
b101010011100 (
0-
b110 )
b0 .
b0 /
1+
#7600000
08
0&
#7604000
0'
0+
#7605000
18
1&
#7610000
08
0&
#7615000
18
1&
#7619000
1'
#7620000
08
0&
#7625000
18
1&
#7626000
b111100001000 (
b100 )
1+
#7630000
08
0&
#7635000
18
1&
#7636000
1,
#7640000
08
0&
#7645000
18
1&
#7650000
08
0&
#7655000
18
1&
#7660000
08
0&
#7665000
18
1&
#7670000
08
0&
#7675000
18
1&
#7680000
08
0&
#7685000
18
1&
#7690000
0'
08
0&
0+
0,
#7695000
18
1&
#7700000
1'
08
0&
#7705000
18
1&
#7710000
08
0&
#7715000
18
1&
#7720000
08
0&
#7725000
18
1&
#7726000
b1101110100 (
b11 )
1+
#7730000
08
0&
#7735000
18
1&
#7736000
1,
#7740000
08
0&
#7745000
18
1&
#7750000
08
0&
#7755000
18
1&
#7756000
10
b11011110101011011011111011101111 1
#7760000
08
0&
#7765000
18
1&
#7766000
0+
0,
00
b0 1
#7770000
08
0&
#7775000
18
1&
#7776000
b101011100 (
1-
b1 )
b10000111011110001010000010110100 .
b1010 /
1+
#7780000
08
0&
#7785000
18
1&
#7786000
1,
#7790000
08
0&
#7795000
18
1&
#7800000
08
0&
#7805000
18
1&
#7806000
10
#7810000
08
0&
#7815000
18
1&
#7816000
0+
0,
00
#7820000
08
0&
#7825000
18
1&
#7826000
b11001110000 (
0-
b101 )
b0 .
b0 /
1+
#7830000
08
0&
#7835000
18
1&
#7836000
1,
#7840000
08
0&
#7845000
18
1&
#7850000
08
0&
#7855000
18
1&
#7856000
0'
0+
0,
#7860000
08
0&
#7865000
18
1&
#7866000
1'
#7870000
08
0&
#7875000
18
1&
#7880000
08
0&
#7885000
18
1&
#7886000
b101110000100 (
1-
b11000001101010101011000010010000 .
b1000 /
1+
#7890000
08
0&
#7895000
18
1&
#7896000
1,
#7900000
08
0&
#7905000
18
1&
#7910000
08
0&
#7915000
18
1&
#7920000
08
0&
#7925000
18
1&
#7930000
08
0&
#7935000
18
1&
#7940000
08
0&
#7945000
18
1&
#7950000
08
0&
#7955000
18
1&
#7956000
10
#7960000
08
0&
#7965000
18
1&
#7966000
0+
0,
00
#7970000
08
0&
#7975000
18
1&
#7980000
08
0&
#7985000
18
1&
#7986000
b1110101100 (
b11 )
b100111011011111000000001000011 .
b10 /
1+
#7990000
08
0&
#7992000
0'
0+
#7995000
18
1&
#8000000
08
0&
#8005000
18
1&
#8007000
1'
#8010000
08
0&
#8015000
18
1&
#8016000
b111111011000 (
0-
b0 .
b0 /
1+
#8020000
08
0&
#8025000
18
1&
#8026000
1,
#8030000
08
0&
#8035000
18
1&
#8040000
08
0&
#8045000
18
1&
#8046000
10
b11011110101011011011111011101111 1
#8050000
08
0&
#8055000
18
1&
#8056000
0+
0,
00
b0 1
#8060000
08
0&
#8065000
18
1&
#8070000
08
0&
#8075000
18
1&
#8076000
b11001111100 (
1+
#8080000
08
0&
#8085000
18
1&
#8086000
1,
#8090000
08
0&
#8095000
18
1&
#8100000
08
0&
#8105000
18
1&
#8106000
10
b11011110101011011011111011101111 1
#8110000
08
0&
#8115000
18
1&
#8116000
0+
0,
00
b0 1
#8119000
0'
#8120000
08
0&
#8125000
18
1&
#8130000
08
0&
#8135000
18
1&
#8139000
1'
#8140000
08
0&
#8145000
18
1&
#8146000
b100010111000 (
1-
b1 )
b1011110011011011111111100001100 .
b1000 /
1+
#8150000
08
0&
#8155000
18
1&
#8156000
1,
#8160000
08
0&
#8165000
18
1&
#8170000
08
0&
#8175000
18
1&
#8180000
08
0&
#8185000
18
1&
#8190000
08
0&
#8195000
18
1&
#8200000
08
0&
#8205000
18
1&
#8210000
08
0&
#8215000
18
1&
#8216000
10
#8220000
08
0&
#8225000
18
1&
#8226000
0+
0,
00
#8230000
08
0&
#8235000
18
1&
#8236000
b1101100100 (
b0 )
b101111010011111011010011000011 .
b1 /
1+
#8240000
08
0&
#8245000
18
1&
#8246000
1,
#8250000
08
0&
#8255000
18
1&
#8260000
08
0&
#8265000
18
1&
#8270000
08
0&
#8275000
18
1&
#8280000
08
0&
#8285000
18
1&
#8290000
08
0&
#8295000
18
1&
#8300000
08
0&
#8305000
18
1&
#8306000
10
#8310000
08
0&
#8315000
18
1&
#8316000
0+
0,
00
#8320000
08
0&
#8325000
18
1&
#8330000
08
0&
#8335000
18
1&
#8336000
b101011000100 (
b10 )
b1101001110011001111111000111001 .
1+
#8340000
08
0&
#8345000
18
1&
#8346000
1,
#8350000
08
0&
#8355000
18
1&
#8360000
08
0&
#8365000
18
1&
#8370000
08
0&
#8375000
18
1&
#8376000
0'
0+
0,
#8380000
08
0&
#8385000
18
1&
#8386000
1'
#8390000
08
0&
#8395000
18
1&
#8400000
08
0&
#8405000
18
1&
#8410000
08
0&
#8415000
18
1&
#8416000
b111101111100 (
0-
b0 )
b0 .
b0 /
1+
#8420000
08
0&
#8425000
18
1&
#8426000
1,
#8430000
08
0&
#8435000
18
1&
#8440000
08
0&
#8445000
18
1&
#8450000
08
0&
#8455000
18
1&
#8460000
08
0&
#8465000
18
1&
#8466000
10
b11011110101011011011111011101111 1
#8470000
08
0&
#8475000
18
1&
#8476000
0+
0,
00
b0 1
#8480000
08
0&
#8485000
18
1&
#8490000
0'
08
0&
#8495000
18
1&
#8500000
08
0&
#8505000
1'
18
1&
#8510000
08
0&
#8515000
18
1&
#8520000
08
0&
#8525000
18
1&
#8526000
b111000111100 (
1-
b100 )
b10010100101001001110010010111110 .
b1010 /
1+
#8530000
08
0&
#8535000
18
1&
#8536000
1,
#8540000
08
0&
#8545000
18
1&
#8550000
08
0&
#8555000
18
1&
#8560000
08
0&
#8565000
18
1&
#8570000
08
0&
#8575000
18
1&
#8580000
08
0&
#8585000
18
1&
#8586000
10
#8590000
08
0&
#8595000
18
1&
#8596000
0+
0,
00
#8600000
08
0&
#8605000
18
1&
#8610000
08
0&
#8615000
18
1&
#8616000
b101010100100 (
0-
b0 .
b0 /
1+
#8620000
08
0&
#8625000
18
1&
#8626000
1,
#8630000
08
0&
#8635000
18
1&
#8640000
08
0&
#8645000
18
1&
#8646000
10
b11011110101011011011111011101111 1
#8650000
08
0&
#8655000
18
1&
#8656000
0+
0,
00
b0 1
#8660000
08
0&
#8665000
18
1&
#8666000
b11011101000 (
b10 )
1+
#8670000
08
0&
#8675000
18
1&
#8676000
1,
#8680000
08
0&
#8683000
0'
0+
0,
#8685000
18
1&
#8690000
08
0&
#8695000
18
1&
#8700000
08
0&
#8703000
1'
#8705000
18
1&
#8710000
08
0&
#8715000
18
1&
#8720000
08
0&
#8725000
18
1&
#8726000
b101110010000 (
1-
b100 )
b1001110011101111100011110110111 .
b11 /
1+
#8730000
08
0&
#8735000
18
1&
#8736000
1,
#8740000
08
0&
#8745000
18
1&
#8750000
08
0&
#8755000
18
1&
#8760000
08
0&
#8765000
18
1&
#8770000
08
0&
#8775000
18
1&
#8780000
08
0&
#8785000
18
1&
#8786000
10
#8790000
08
0&
#8795000
18
1&
#8796000
0+
0,
00
#8800000
08
0&
#8804000
0'
#8805000
18
1&
#8810000
08
0&
#8815000
18
1&
#8820000
08
0&
#8825000
18
1&
#8829000
1'
#8830000
08
0&
#8835000
18
1&
#8840000
08
0&
#8845000
18
1&
#8846000
b100100001100 (
0-
b0 .
b0 /
1+
#8850000
08
0&
#8855000
18
1&
#8856000
1,
#8860000
08
0&
#8865000
18
1&
#8870000
08
0&
#8875000
18
1&
#8876000
10
b11011110101011011011111011101111 1
#8880000
08
0&
#8885000
18
1&
#8886000
0+
0,
00
b0 1
#8890000
08
0&
#8895000
18
1&
#8900000
08
0&
#8905000
18
1&
#8906000
b11001100000 (
1+
#8910000
08
0&
#8915000
18
1&
#8916000
1,
#8920000
08
0&
#8925000
18
1&
#8930000
08
0&
#8935000
18
1&
#8940000
08
0&
#8945000
18
1&
#8950000
08
0&
#8955000
18
1&
#8956000
10
b10001001100001100110011011100 1
#8960000
08
0&
#8965000
18
1&
#8966000
0+
0,
00
b0 1
#8970000
08
0&
#8975000
18
1&
#8980000
08
0&
#8985000
18
1&
#8990000
08
0&
#8995000
18
1&
#9000000
08
0&
#9005000
18
1&
#9006000
b111010011100 (
1+
#9010000
08
0&
#9015000
18
1&
#9016000
1,
#9020000
08
0&
#9025000
18
1&
#9030000
08
0&
#9035000
18
1&
#9040000
08
0&
#9045000
18
1&
#9049000
0'
0+
0,
#9050000
08
0&
#9055000
18
1&
#9060000
08
0&
#9065000
18
1&
#9070000
08
0&
#9074000
1'
#9075000
18
1&
#9080000
08
0&
#9085000
18
1&
#9086000
b1011100000 (
b110 )
1+
#9090000
08
0&
#9095000
18
1&
#9096000
1,
#9100000
08
0&
#9105000
18
1&
#9110000
08
0&
#9115000
18
1&
#9120000
08
0&
#9125000
18
1&
#9130000
08
0&
#9135000
18
1&
#9140000
08
0&
#9145000
18
1&
#9150000
08
0&
#9155000
18
1&
#9156000
10
b11011110101011011011111011101111 1
#9160000
08
0&
#9165000
18
1&
#9166000
0+
0,
00
b0 1
#9170000
08
0&
#9175000
18
1&
#9180000
08
0&
#9185000
18
1&
#9190000
08
0&
#9195000
18
1&
#9200000
08
0&
#9205000
18
1&
#9206000
b110100011000 (
b1 )
1+
#9210000
08
0&
#9215000
18
1&
#9216000
1,
#9220000
08
0&
#9225000
18
1&
#9230000
08
0&
#9235000
18
1&
#9240000
08
0&
#9245000
18
1&
#9250000
08
0&
#9255000
18
1&
#9256000
10
b11011110101011011011111011101111 1
#9259000
0'
00
b0 1
0+
0,
#9260000
08
0&
#9265000
18
1&
#9270000
08
0&
#9275000
18
1&
#9280000
08
0&
#9284000
1'
#9285000
18
1&
#9290000
08
0&
#9295000
18
1&
#9296000
b110000111000 (
1-
b101 )
b10101101110001011110111010001011 .
b1100 /
1+
#9300000
08
0&
#9305000
18
1&
#9306000
1,
#9310000
08
0&
#9315000
18
1&
#9320000
08
0&
#9325000
18
1&
#9330000
08
0&
#9335000
18
1&
#9340000
08
0&
#9345000
18
1&
#9350000
08
0&
#9355000
18
1&
#9360000
08
0&
#9365000
18
1&
#9366000
10
#9370000
08
0&
#9375000
18
1&
#9376000
0+
0,
00
#9380000
08
0&
#9385000
18
1&
#9390000
08
0&
#9395000
18
1&
#9400000
08
0&
#9405000
18
1&
#9410000
08
0&
#9415000
18
1&
#9416000
b11110010100 (
b0 )
b10100000111011100010011100011011 .
b111 /
1+
#9420000
08
0&
#9425000
18
1&
#9426000
1,
#9430000
08
0&
#9435000
18
1&
#9440000
08
0&
#9445000
18
1&
#9450000
08
0&
#9455000
18
1&
#9456000
10
#9460000
08
0&
#9465000
18
1&
#9466000
0+
0,
00
#9470000
08
0&
#9475000
18
1&
#9477000
0'
#9480000
08
0&
#9485000
18
1&
#9490000
08
0&
#9495000
18
1&
#9500000
08
0&
#9502000
1'
#9505000
18
1&
#9510000
08
0&
#9515000
18
1&
#9520000
08
0&
#9525000
18
1&
#9530000
08
0&
#9535000
18
1&
#9536000
b11100110100 (
0-
b111 )
b0 .
b0 /
1+
#9540000
08
0&
#9545000
18
1&
#9546000
1,
#9550000
08
0&
#9555000
18
1&
#9560000
08
0&
#9565000
18
1&
#9570000
08
0&
#9575000
18
1&
#9576000
10
b11011110101011011011111011101111 1
#9580000
08
0&
#9585000
18
1&
#9586000
0+
0,
00
b0 1
#9590000
08
0&
#9595000
18
1&
#9596000
b111101000 (
1-
b100 )
b101100000101110111010111011 .
b1011 /
1+
#9600000
08
0&
#9605000
18
1&
#9606000
1,
#9610000
08
0&
#9615000
18
1&
#9620000
08
0&
#9625000
18
1&
#9626000
10
#9630000
08
0&
#9635000
18
1&
#9636000
0+
0,
00
#9640000
08
0&
#9645000
18
1&
#9650000
08
0&
#9655000
18
1&
#9660000
08
0&
#9665000
18
1&
#9666000
b10111010100 (
0-
b101 )
b0 .
b0 /
1+
#9670000
08
0&
#9675000
18
1&
#9676000
1,
#9680000
08
0&
#9685000
18
1&
#9690000
08
0&
#9695000
18
1&
#9700000
08
0&
#9705000
18
1&
#9706000
10
b11011110101011011011111011101111 1
#9709000
0'
00
b0 1
0+
0,
#9710000
08
0&
#9715000
18
1&
#9720000
08
0&
#9725000
18
1&
#9730000
08
0&
#9734000
1'
#9735000
18
1&
#9740000
08
0&
#9745000
18
1&
#9746000
b111001000 (
b11 )
1+
#9750000
08
0&
#9755000
18
1&
#9756000
1,
#9760000
08
0&
#9765000
18
1&
#9770000
08
0&
#9775000
18
1&
#9776000
10
b11011110101011011011111011101111 1
#9780000
08
0&
#9785000
18
1&
#9786000
0+
0,
00
b0 1
#9790000
08
0&
#9795000
18
1&
#9796000
b11010101000 (
b110 )
1+
#9800000
08
0&
#9805000
18
1&
#9806000
1,
#9810000
08
0&
#9815000
18
1&
#9820000
08
0&
#9825000
18
1&
#9830000
08
0&
#9835000
18
1&
#9840000
08
0&
#9845000
18
1&
#9850000
08
0&
#9855000
18
1&
#9860000
08
0&
#9865000
18
1&
#9866000
10
b11011110101011011011111011101111 1
#9870000
08
0&
#9875000
18
1&
#9876000
0+
0,
00
b0 1
#9880000
08
0&
#9885000
18
1&
#9890000
08
0&
#9895000
18
1&
#9896000
b111010101100 (
1-
b101 )
b11011000001010100101001101101010 .
b1100 /
1+
#9900000
08
0&
#9905000
18
1&
#9906000
1,
#9910000
08
0&
#9915000
18
1&
#9920000
08
0&
#9925000
18
1&
#9926000
10
#9930000
08
0&
#9935000
18
1&
#9936000
0+
0,
00
#9940000
08
0&
#9945000
18
1&
#9946000
b100100101000 (
0-
b100 )
b0 .
b0 /
1+
#9950000
08
0&
#9955000
18
1&
#9956000
1,
#9960000
08
0&
#9965000
18
1&
#9970000
08
0&
#9975000
18
1&
#9980000
08
0&
#9983000
0'
0+
0,
#9985000
18
1&
#9990000
08
0&
#9995000
18
1&
#10000000
08
0&
#10005000
18
1&
#10008000
1'
#10010000
08
0&
#10015000
18
1&
#10020000
08
0&
#10025000
18
1&
#10026000
b10010011100 (
b1 )
1+
#10030000
08
0&
#10035000
18
1&
#10036000
1,
#10040000
08
0&
#10045000
18
1&
#10050000
08
0&
#10055000
18
1&
#10056000
10
b11011110101011011011111011101111 1
#10060000
08
0&
#10065000
18
1&
#10066000
0+
0,
00
b0 1
#10070000
08
0&
#10075000
18
1&
#10080000
08
0&
#10085000
18
1&
#10086000
b11101011000 (
1-
b11 )
b10010111101000001000101011111100 .
b111 /
1+
#10090000
08
0&
#10095000
18
1&
#10096000
1,
#10100000
08
0&
#10105000
18
1&
#10110000
08
0&
#10115000
18
1&
#10116000
10
#10120000
08
0&
#10125000
18
1&
#10126000
0+
0,
00
#10130000
08
0&
#10135000
18
1&
#10140000
08
0&
#10145000
18
1&
#10150000
08
0&
#10155000
18
1&
#10156000
b110110100 (
0-
b101 )
b0 .
b0 /
1+
#10160000
08
0&
#10165000
18
1&
#10166000
1,
#10170000
08
0&
#10175000
18
1&
#10180000
08
0&
#10185000
18
1&
#10186000
10
b11011110101011011011111011101111 1
#10190000
08
0&
#10195000
18
1&
#10196000
0+
0,
00
b0 1
#10200000
08
0&
#10205000
18
1&
#10210000
08
0&
#10215000
18
1&
#10220000
08
0&
#10225000
18
1&
#10226000
b100001110100 (
1-
b100 )
b11110111100100011111100011011001 .
b11 /
1+
#10230000
08
0&
#10235000
18
1&
#10236000
1,
#10240000
08
0&
#10245000
18
1&
#10249000
0'
0+
0,
#10250000
08
0&
#10255000
18
1&
#10260000
08
0&
#10264000
1'
#10265000
18
1&
#10270000
08
0&
#10275000
18
1&
#10280000
08
0&
#10285000
18
1&
#10290000
08
0&
#10295000
18
1&
#10296000
b100011101100 (
b11 )
b11000000101110110110111101111 .
b1010 /
1+
#10300000
08
0&
#10305000
18
1&
#10306000
1,
#10310000
08
0&
#10315000
18
1&
#10320000
08
0&
#10325000
18
1&
#10330000
08
0&
#10335000
18
1&
#10336000
10
#10340000
08
0&
#10345000
18
1&
#10346000
0+
0,
00
#10350000
08
0&
#10355000
18
1&
#10360000
08
0&
#10365000
18
1&
#10366000
b111101010000 (
0-
b101 )
b0 .
b0 /
1+
#10370000
08
0&
#10375000
18
1&
#10376000
1,
#10380000
08
0&
#10385000
18
1&
#10390000
08
0&
#10395000
18
1&
#10400000
08
0&
#10405000
18
1&
#10410000
08
0&
#10415000
0'
18
1&
0+
0,
#10420000
08
0&
#10425000
18
1&
#10430000
08
0&
#10435000
18
1&
#10440000
1'
08
0&
#10445000
18
1&
#10450000
08
0&
#10455000
18
1&
#10460000
08
0&
#10465000
18
1&
#10466000
b111010001100 (
1-
b100 )
b1011001101110101100101100110111 .
b101 /
1+
#10470000
08
0&
#10475000
18
1&
#10476000
1,
#10480000
08
0&
#10485000
18
1&
#10490000
08
0&
#10495000
18
1&
#10500000
08
0&
#10505000
18
1&
#10506000
10
#10510000
08
0&
#10515000
18
1&
#10516000
0+
0,
00
#10520000
08
0&
#10525000
18
1&
#10530000
08
0&
#10535000
18
1&
#10536000
b100111100100 (
b111 )
b1001101001110111001010000000 .
b11 /
1+
#10540000
08
0&
#10545000
18
1&
#10546000
1,
#10550000
08
0&
#10555000
18
1&
#10560000
08
0&
#10565000
18
1&
#10570000
08
0&
#10575000
18
1&
#10580000
08
0&
#10585000
18
1&
#10590000
08
0&
#10595000
18
1&
#10600000
08
0&
#10605000
18
1&
#10606000
0'
0+
0,
10
#10610000
08
0&
#10615000
18
1&
#10616000
1'
#10620000
08
0&
#10625000
18
1&
#10630000
08
0&
#10635000
18
1&
#10640000
08
0&
#10645000
18
1&
#10650000
08
0&
#10655000
18
1&
#10656000
b11011101100 (
b1 )
b10000100000111010001100011001111 .
b1111 /
1+
#10660000
08
0&
#10665000
18
1&
#10666000
0'
00
0+
1,
#10670000
08
0&
#10675000
18
1&
#10676000
1'
#10680000
08
0&
#10685000
18
1&
#10686000
b11111001000 (
0-
b10 )
b0 .
b0 /
1+
0,
#10690000
08
0&
#10695000
18
1&
#10696000
1,
#10700000
08
0&
#10705000
18
1&
#10710000
08
0&
#10715000
18
1&
#10716000
10
b11011110101011011011111011101111 1
#10720000
08
0&
#10725000
18
1&
#10726000
0+
0,
00
b0 1
#10730000
08
0&
#10735000
18
1&
#10736000
b110000000000 (
1-
b11 )
b1010100000111110100100100010000 .
b1000 /
1+
#10740000
08
0&
#10745000
18
1&
#10746000
1,
#10750000
08
0&
#10755000
18
1&
#10760000
08
0&
#10765000
18
1&
#10770000
08
0&
#10775000
18
1&
#10780000
08
0&
#10785000
18
1&
#10790000
08
0&
#10795000
18
1&
#10800000
08
0&
#10805000
18
1&
#10806000
10
#10810000
08
0&
#10815000
18
1&
#10816000
0+
0,
00
#10820000
08
0&
#10825000
18
1&
#10830000
08
0&
#10835000
18
1&
#10840000
08
0&
#10845000
18
1&
#10850000
08
0&
#10855000
18
1&
#10856000
b101010111000 (
0-
b0 .
b0 /
1+
#10860000
08
0&
#10865000
18
1&
#10866000
1,
#10870000
08
0&
#10875000
18
1&
#10880000
08
0&
#10885000
18
1&
#10890000
0'
08
0&
0+
0,
#10895000
18
1&
#10900000
08
0&
#10905000
18
1&
#10910000
1'
08
0&
#10915000
18
1&
#10920000
08
0&
#10925000
18
1&
#10930000
08
0&
#10935000
18
1&
#10940000
08
0&
#10945000
18
1&
#10946000
b10010100000 (
1-
b10 )
b11000000011110101001101100111000 .
b1001 /
1+
#10950000
08
0&
#10955000
18
1&
#10956000
1,
#10960000
08
0&
#10965000
18
1&
#10970000
08
0&
#10975000
18
1&
#10980000
08
0&
#10985000
18
1&
#10990000
08
0&
#10995000
18
1&
#11000000
08
0&
#11005000
18
1&
#11010000
08
0&
#11015000
18
1&
#11016000
10
#11020000
08
0&
#11025000
18
1&
#11026000
0+
0,
00
#11030000
08
0&
#11035000
18
1&
#11040000
08
0&
#11043000
0'
#11045000
18
1&
#11050000
08
0&
#11055000
18
1&
#11060000
08
0&
#11065000
18
1&
#11068000
1'
#11070000
08
0&
#11075000
18
1&
#11080000
08
0&
#11085000
18
1&
#11086000
b11111110000 (
0-
b1 )
b0 .
b0 /
1+
#11090000
08
0&
#11095000
18
1&
#11096000
1,
#11100000
08
0&
#11105000
18
1&
#11110000
08
0&
#11115000
18
1&
#11120000
08
0&
#11125000
18
1&
#11130000
08
0&
#11135000
18
1&
#11140000
08
0&
#11145000
18
1&
#11150000
08
0&
#11155000
18
1&
#11156000
10
b11011110101011011011111011101111 1
#11160000
08
0&
#11165000
18
1&
#11166000
0+
0,
00
b0 1
#11170000
08
0&
#11175000
18
1&
#11180000
08
0&
#11185000
18
1&
#11190000
08
0&
#11195000
18
1&
#11200000
08
0&
#11205000
18
1&
#11206000
b100100000 (
1-
b111 )
b1101001111011001110111111100011 .
b111 /
1+
#11210000
08
0&
#11215000
18
1&
#11216000
1,
#11220000
08
0&
#11225000
18
1&
#11230000
08
0&
#11235000
18
1&
#11240000
08
0&
#11245000
18
1&
#11250000
08
0&
#11255000
18
1&
#11260000
08
0&
#11265000
18
1&
#11270000
08
0&
#11275000
18
1&
#11276000
10
#11280000
08
0&
#11282000
0'
00
0+
0,
#11285000
18
1&
#11290000
08
0&
#11295000
18
1&
#11297000
1'
#11300000
08
0&
#11305000
18
1&
#11306000
b111011110000 (
b1 )
b100011111100100101101001011101 .
b1111 /
1+
#11310000
08
0&
#11315000
18
1&
#11316000
1,
#11320000
08
0&
#11325000
18
1&
#11330000
08
0&
#11335000
18
1&
#11340000
08
0&
#11345000
18
1&
#11350000
08
0&
#11355000
18
1&
#11356000
10
#11360000
08
0&
#11365000
18
1&
#11366000
0+
0,
00
#11370000
08
0&
#11375000
18
1&
#11376000
b111110010100 (
b100 )
b11101111001000110010100101101 .
b1011 /
1+
#11380000
08
0&
#11385000
18
1&
#11386000
1,
#11390000
08
0&
#11395000
18
1&
#11400000
08
0&
#11405000
18
1&
#11410000
08
0&
#11415000
18
1&
#11420000
08
0&
#11425000
18
1&
#11430000
08
0&
#11435000
18
1&
#11436000
10
#11440000
08
0&
#11445000
18
1&
#11446000
0+
0,
00
#11450000
08
0&
#11455000
18
1&
#11456000
b110101000 (
b11010010001110111000000011000 .
b1 /
1+
#11460000
08
0&
#11465000
18
1&
#11466000
1,
#11470000
08
0&
#11475000
18
1&
#11480000
08
0&
#11485000
18
1&
#11490000
08
0&
#11495000
18
1&
#11500000
08
0&
#11505000
18
1&
#11510000
08
0&
#11515000
18
1&
#11516000
10
#11520000
08
0&
#11525000
18
1&
#11526000
0+
0,
00
#11530000
08
0&
#11535000
18
1&
#11536000
0'
#11540000
08
0&
#11545000
18
1&
#11550000
08
0&
#11551000
1'
#11555000
18
1&
#11560000
08
0&
#11565000
18
1&
#11566000
b111110000 (
0-
b111 )
b0 .
b0 /
1+
#11570000
08
0&
#11575000
18
1&
#11576000
1,
#11580000
08
0&
#11585000
18
1&
#11590000
08
0&
#11595000
18
1&
#11600000
08
0&
#11605000
18
1&
#11610000
08
0&
#11615000
18
1&
#11616000
10
b11011110101011011011111011101111 1
#11620000
08
0&
#11625000
18
1&
#11626000
0+
0,
00
b0 1
#11630000
08
0&
#11635000
18
1&
#11637000
0'
#11640000
08
0&
#11645000
18
1&
#11650000
08
0&
#11655000
18
1&
#11660000
08
0&
#11662000
1'
#11665000
18
1&
#11670000
08
0&
#11675000
18
1&
#11676000
b10100011000 (
1-
b1 )
b10110101101011010110111001101011 .
b111 /
1+
#11680000
08
0&
#11685000
18
1&
#11686000
1,
#11690000
08
0&
#11695000
18
1&
#11700000
08
0&
#11705000
18
1&
#11710000
08
0&
#11715000
18
1&
#11716000
10
#11720000
08
0&
#11725000
18
1&
#11726000
0+
0,
00
#11730000
08
0&
#11735000
18
1&
#11740000
08
0&
#11745000
18
1&
#11750000
08
0&
#11755000
0'
18
1&
#11760000
08
0&
#11765000
18
1&
#11770000
1'
08
0&
#11775000
18
1&
#11780000
08
0&
#11785000
18
1&
#11786000
b10011110000 (
b0 )
b10101001111110000001100110101100 .
b1000 /
1+
#11790000
08
0&
#11795000
18
1&
#11796000
1,
#11800000
08
0&
#11805000
18
1&
#11810000
08
0&
#11815000
18
1&
#11820000
08
0&
#11825000
18
1&
#11830000
08
0&
#11835000
18
1&
#11836000
10
#11840000
08
0&
#11845000
18
1&
#11846000
0+
0,
00
#11850000
08
0&
#11855000
18
1&
#11860000
08
0&
#11865000
18
1&
#11870000
08
0&
#11875000
18
1&
#11876000
b110000100100 (
0-
b111 )
b0 .
b0 /
1+
#11880000
08
0&
#11885000
18
1&
#11886000
1,
#11890000
08
0&
#11895000
18
1&
#11900000
08
0&
#11905000
18
1&
#11910000
08
0&
#11915000
18
1&
#11920000
08
0&
#11925000
18
1&
#11930000
08
0&
#11935000
18
1&
#11940000
08
0&
#11945000
18
1&
#11946000
10
b11011110101011011011111011101111 1
#11950000
08
0&
#11955000
18
1&
#11956000
0+
0,
00
b0 1
#11960000
08
0&
#11965000
18
1&
#11970000
08
0&
#11975000
18
1&
#11978000
0'
#11980000
08
0&
#11985000
18
1&
#11990000
08
0&
#11993000
1'
#11995000
18
1&
#12000000
08
0&
#12005000
18
1&
#12006000
b110100101000 (
b101 )
1+
#12010000
08
0&
#12015000
18
1&
#12016000
1,
#12020000
08
0&
#12025000
18
1&
#12030000
08
0&
#12035000
18
1&
#12040000
08
0&
#12045000
18
1&
#12050000
08
0&
#12055000
18
1&
#12056000
10
b11011110101011011011111011101111 1
#12060000
08
0&
#12065000
18
1&
#12066000
0+
0,
00
b0 1
#12070000
08
0&
#12075000
18
1&
#12080000
08
0&
#12085000
18
1&
#12090000
08
0&
#12095000
18
1&
#12096000
b1011100 (
1-
b1 )
b111001011111111111011000101000 .
b1111 /
1+
#12100000
08
0&
#12105000
18
1&
#12106000
1,
#12110000
08
0&
#12115000
18
1&
#12120000
08
0&
#12125000
18
1&
#12130000
08
0&
#12135000
18
1&
#12140000
08
0&
#12145000
18
1&
#12150000
08
0&
#12155000
18
1&
#12160000
08
0&
#12165000
18
1&
#12166000
10
#12170000
08
0&
#12175000
18
1&
#12176000
0+
0,
00
#12180000
08
0&
#12185000
18
1&
#12190000
08
0&
#12195000
18
1&
#12200000
08
0&
#12205000
18
1&
#12210000
08
0&
#12215000
18
1&
#12216000
b111011110100 (
b11 )
b10110011111100111101100011101110 .
b1010 /
1+
#12220000
08
0&
#12225000
18
1&
#12226000
1,
#12230000
08
0&
#12234000
0'
0+
0,
#12235000
18
1&
#12240000
08
0&
#12245000
18
1&
#12249000
1'
#12250000
08
0&
#12255000
18
1&
#12260000
08
0&
#12265000
18
1&
#12266000
b110101111000 (
0-
b101 )
b0 .
b0 /
1+
#12270000
08
0&
#12275000
18
1&
#12276000
1,
#12280000
08
0&
#12285000
18
1&
#12290000
08
0&
#12295000
18
1&
#12300000
08
0&
#12305000
18
1&
#12310000
0'
08
0&
0+
0,
#12315000
18
1&
#12320000
1'
08
0&
#12325000
18
1&
#12326000
b111011011000 (
1-
b1011001000010110111010101101100 .
b111 /
1+
#12330000
08
0&
#12335000
18
1&
#12336000
1,
#12340000
08
0&
#12345000
18
1&
#12350000
08
0&
#12355000
18
1&
#12356000
10
#12360000
08
0&
#12365000
18
1&
#12366000
0+
0,
00
#12370000
08
0&
#12375000
18
1&
#12380000
08
0&
#12385000
18
1&
#12386000
b100011110000 (
0-
b0 )
b0 .
b0 /
1+
#12390000
08
0&
#12395000
18
1&
#12396000
1,
#12400000
08
0&
#12405000
18
1&
#12410000
08
0&
#12415000
18
1&
#12416000
10
b11011110101011011011111011101111 1
#12420000
08
0&
#12425000
18
1&
#12426000
0+
0,
00
b0 1
#12430000
08
0&
#12435000
18
1&
#12436000
b111101011000 (
1-
b100 )
b11000110110010111010110010001101 .
b1011 /
1+
#12440000
08
0&
#12445000
18
1&
#12446000
1,
#12450000
08
0&
#12455000
18
1&
#12460000
08
0&
#12465000
18
1&
#12470000
08
0&
#12475000
18
1&
#12480000
08
0&
#12485000
18
1&
#12490000
08
0&
#12495000
18
1&
#12496000
10
#12500000
08
0&
#12505000
18
1&
#12506000
0+
0,
00
#12510000
08
0&
#12515000
18
1&
#12520000
08
0&
#12525000
18
1&
#12526000
b10011100100 (
b0 )
b1101100010010011010011010000010 .
b1101 /
1+
#12530000
08
0&
#12535000
18
1&
#12536000
1,
#12540000
08
0&
#12541000
0'
0+
0,
#12545000
18
1&
#12550000
08
0&
#12555000
18
1&
#12560000
08
0&
#12565000
18
1&
#12566000
1'
#12570000
08
0&
#12575000
18
1&
#12580000
08
0&
#12585000
18
1&
#12590000
08
0&
#12595000
18
1&
#12600000
08
0&
#12605000
18
1&
#12606000
b11101111000 (
b100 )
b11000010000110001010011011110111 .
b1110 /
1+
#12610000
08
0&
#12615000
18
1&
#12616000
1,
#12620000
08
0&
#12624000
0'
0+
0,
#12625000
18
1&
#12630000
08
0&
#12635000
18
1&
#12640000
08
0&
#12645000
18
1&
#12649000
1'
#12650000
08
0&
#12655000
18
1&
#12656000
b111110110100 (
b111 )
b10001011110111001111000011001110 .
b11 /
1+
#12660000
08
0&
#12665000
18
1&
#12666000
1,
#12670000
08
0&
#12675000
18
1&
#12680000
08
0&
#12685000
18
1&
#12686000
10
#12690000
08
0&
#12695000
18
1&
#12696000
0+
0,
00
#12700000
08
0&
#12705000
18
1&
#12710000
08
0&
#12715000
18
1&
#12716000
b1001000000 (
0-
b101 )
b0 .
b0 /
1+
#12720000
08
0&
#12725000
18
1&
#12726000
1,
#12730000
08
0&
#12735000
18
1&
#12740000
08
0&
#12745000
18
1&
#12750000
08
0&
#12755000
18
1&
#12756000
10
b11011110101011011011111011101111 1
#12760000
08
0&
#12765000
18
1&
#12766000
0+
0,
00
b0 1
#12770000
08
0&
#12775000
18
1&
#12780000
08
0&
#12785000
18
1&
#12790000
08
0&
#12795000
18
1&
#12796000
b101001110100 (
b1 )
1+
#12800000
08
0&
#12805000
18
1&
#12806000
1,
#12810000
08
0&
#12815000
18
1&
#12820000
08
0&
#12825000
18
1&
#12830000
08
0&
#12835000
18
1&
#12840000
08
0&
#12845000
18
1&
#12846000
10
b11011110101011011011111011101111 1
#12850000
08
0&
#12855000
18
1&
#12856000
0'
00
b0 1
0+
0,
#12860000
08
0&
#12865000
18
1&
#12870000
08
0&
#12875000
18
1&
#12876000
1'
#12880000
08
0&
#12885000
18
1&
#12890000
08
0&
#12895000
18
1&
#12900000
08
0&
#12905000
18
1&
#12906000
1-
b0 )
b11000001010010001010101110001101 .
b110 /
1+
#12910000
08
0&
#12915000
18
1&
#12916000
1,
#12920000
08
0&
#12925000
18
1&
#12930000
08
0&
#12935000
18
1&
#12940000
08
0&
#12945000
18
1&
#12946000
10
#12950000
08
0&
#12955000
0'
18
1&
00
0+
0,
#12960000
08
0&
#12965000
18
1&
#12970000
08
0&
#12975000
18
1&
#12980000
1'
08
0&
#12985000
18
1&
#12986000
b111001100 (
0-
b11 )
b0 .
b0 /
1+
#12990000
08
0&
#12995000
18
1&
#12996000
1,
#13000000
08
0&
#13005000
18
1&
#13010000
08
0&
#13015000
18
1&
#13020000
08
0&
#13025000
18
1&
#13030000
08
0&
#13035000
18
1&
#13036000
10
b11011110101011011011111011101111 1
#13040000
08
0&
#13045000
18
1&
#13046000
0+
0,
00
b0 1
#13050000
08
0&
#13055000
18
1&
#13060000
08
0&
#13065000
18
1&
#13070000
08
0&
#13075000
18
1&
#13080000
08
0&
#13085000
18
1&
#13086000
b11100011100 (
1-
b100 )
b11010010110100111111010111001101 .
b1 /
1+
#13090000
0'
08
0&
0+
#13095000
18
1&
#13100000
1'
08
0&
#13105000
18
1&
#13110000
08
0&
#13115000
18
1&
#13120000
08
0&
#13125000
18
1&
#13130000
08
0&
#13135000
18
1&
#13136000
b1000101100 (
0-
b110 )
b0 .
b0 /
1+
#13140000
08
0&
#13145000
18
1&
#13146000
1,
#13150000
08
0&
#13155000
18
1&
#13160000
08
0&
#13165000
18
1&
#13170000
08
0&
#13175000
18
1&
#13180000
08
0&
#13185000
18
1&
#13190000
08
0&
#13195000
18
1&
#13200000
08
0&
#13205000
18
1&
#13206000
10
b11011110101011011011111011101111 1
#13210000
08
0&
#13215000
18
1&
#13216000
0+
0,
00
b0 1
#13220000
08
0&
#13225000
18
1&
#13230000
08
0&
#13235000
18
1&
#13236000
b10111111100 (
1-
b11 )
b11010110001001011011101000100111 .
b100 /
1+
#13240000
08
0&
#13245000
18
1&
#13246000
1,
#13250000
08
0&
#13255000
18
1&
#13260000
08
0&
#13265000
18
1&
#13270000
08
0&
#13275000
18
1&
#13280000
08
0&
#13285000
18
1&
#13290000
08
0&
#13295000
18
1&
#13296000
10
#13300000
08
0&
#13305000
18
1&
#13306000
0+
0,
00
#13310000
08
0&
#13315000
18
1&
#13316000
b11110110100 (
0-
b1 )
b0 .
b0 /
1+
#13320000
08
0&
#13325000
18
1&
#13326000
1,
#13330000
08
0&
#13335000
18
1&
#13340000
08
0&
#13345000
18
1&
#13348000
0'
0+
0,
#13350000
08
0&
#13355000
18
1&
#13360000
08
0&
#13365000
18
1&
#13368000
1'
#13370000
08
0&
#13375000
18
1&
#13380000
08
0&
#13385000
18
1&
#13390000
08
0&
#13395000
18
1&
#13400000
08
0&
#13405000
18
1&
#13406000
b110001000 (
b11 )
1+
#13410000
08
0&
#13415000
18
1&
#13416000
1,
#13420000
08
0&
#13425000
18
1&
#13430000
08
0&
#13435000
18
1&
#13440000
08
0&
#13445000
18
1&
#13450000
08
0&
#13455000
18
1&
#13460000
08
0&
#13465000
18
1&
#13470000
08
0&
#13475000
18
1&
#13476000
10
b11011110101011011011111011101111 1
#13480000
08
0&
#13485000
18
1&
#13486000
0+
0,
00
b0 1
#13490000
08
0&
#13495000
18
1&
#13500000
08
0&
#13505000
18
1&
#13510000
08
0&
#13515000
18
1&
#13520000
08
0&
#13521000
0'
#13525000
18
1&
#13530000
08
0&
#13535000
18
1&
#13540000
08
0&
#13545000
18
1&
#13546000
1'
#13550000
08
0&
#13555000
18
1&
#13560000
08
0&
#13565000
18
1&
#13570000
08
0&
#13575000
18
1&
#13580000
08
0&
#13585000
18
1&
#13586000
b11011111000 (
1-
b101 )
b10001101011010011111101111010101 .
b101 /
1+
#13590000
08
0&
#13595000
18
1&
#13596000
1,
#13600000
08
0&
#13605000
18
1&
#13610000
08
0&
#13615000
18
1&
#13620000
08
0&
#13625000
18
1&
#13630000
08
0&
#13635000
18
1&
#13640000
08
0&
#13645000
18
1&
#13650000
08
0&
#13655000
18
1&
#13656000
10
#13660000
08
0&
#13665000
18
1&
#13666000
0+
0,
00
#13670000
08
0&
#13675000
18
1&
#13676000
b11100000000 (
0-
b0 )
b0 .
b0 /
1+
#13680000
08
0&
#13685000
18
1&
#13686000
1,
#13690000
08
0&
#13695000
18
1&
#13700000
08
0&
#13705000
18
1&
#13710000
08
0&
#13715000
18
1&
#13720000
08
0&
#13725000
18
1&
#13726000
10
b11011110101011011011111011101111 1
#13730000
08
0&
#13735000
18
1&
#13736000
0+
0,
00
b0 1
#13740000
08
0&
#13745000
18
1&
#13746000
b10111110100 (
b11 )
1+
#13750000
08
0&
#13755000
18
1&
#13756000
1,
#13760000
0'
08
0&
0+
0,
#13765000
18
1&
#13770000
08
0&
#13775000
1'
18
1&
#13776000
b110000010100 (
b10 )
1+
#13780000
08
0&
#13785000
18
1&
#13786000
1,
#13790000
08
0&
#13795000
18
1&
#13800000
08
0&
#13805000
18
1&
#13810000
08
0&
#13815000
18
1&
#13816000
10
b11011110101011011011111011101111 1
#13820000
08
0&
#13825000
18
1&
#13826000
0+
0,
00
b0 1
#13830000
08
0&
#13835000
18
1&
#13840000
08
0&
#13845000
18
1&
#13850000
08
0&
#13855000
18
1&
#13860000
08
0&
#13865000
18
1&
#13866000
b1011111000 (
1-
b1 )
b1100010101000101001010011000101 .
b1101 /
1+
#13870000
08
0&
#13875000
18
1&
#13876000
1,
#13880000
08
0&
#13885000
18
1&
#13890000
08
0&
#13895000
18
1&
#13900000
08
0&
#13905000
18
1&
#13910000
08
0&
#13915000
18
1&
#13920000
08
0&
#13925000
18
1&
#13930000
08
0&
#13935000
18
1&
#13936000
10
#13940000
08
0&
#13945000
18
1&
#13946000
0+
0,
00
#13950000
08
0&
#13955000
18
1&
#13960000
08
0&
#13965000
18
1&
#13970000
08
0&
#13975000
18
1&
#13980000
08
0&
#13985000
18
1&
#13986000
b110101001000 (
b110 )
b10011110010000000101101001100110 .
b1 /
1+
#13990000
08
0&
#13995000
18
1&
#13996000
1,
#14000000
08
0&
#14005000
18
1&
#14010000
08
0&
#14015000
18
1&
#14016000
0'
0+
0,
10
#14020000
08
0&
#14025000
18
1&
#14030000
08
0&
#14035000
18
1&
#14036000
1'
#14040000
08
0&
#14045000
18
1&
#14050000
08
0&
#14055000
18
1&
#14056000
b110001001100 (
0-
b100 )
b0 .
b0 /
1+
#14060000
08
0&
#14065000
18
1&
#14066000
1,
#14070000
08
0&
#14075000
18
1&
#14076000
0+
0,
00
#14080000
08
0&
#14085000
18
1&
#14090000
08
0&
#14095000
18
1&
#14100000
08
0&
#14105000
18
1&
#14110000
08
0&
#14115000
18
1&
#14116000
b101001010100 (
b110 )
1+
#14120000
08
0&
#14125000
18
1&
#14126000
1,
#14130000
08
0&
#14135000
18
1&
#14140000
08
0&
#14145000
18
1&
#14150000
08
0&
#14155000
18
1&
#14160000
08
0&
#14165000
18
1&
#14170000
08
0&
#14175000
18
1&
#14176000
10
b11011110101011011011111011101111 1
#14180000
08
0&
#14185000
0'
18
1&
00
b0 1
0+
0,
#14190000
08
0&
#14195000
18
1&
#14200000
08
0&
#14205000
1'
18
1&
#14210000
08
0&
#14215000
18
1&
#14220000
08
0&
#14225000
18
1&
#14226000
b11010110000 (
b1 )
1+
#14230000
08
0&
#14235000
18
1&
#14236000
1,
#14240000
08
0&
#14245000
18
1&
#14250000
08
0&
#14255000
18
1&
#14256000
10
b11011110101011011011111011101111 1
#14260000
08
0&
#14265000
18
1&
#14266000
0+
0,
00
b0 1
#14270000
08
0&
#14275000
18
1&
#14280000
08
0&
#14285000
18
1&
#14290000
08
0&
#14295000
18
1&
#14300000
08
0&
#14305000
18
1&
#14306000
b100111000000 (
1-
b100 )
b10100101110100011100011001011111 .
b1001 /
1+
#14310000
08
0&
#14315000
18
1&
#14316000
1,
#14320000
08
0&
#14325000
18
1&
#14330000
08
0&
#14335000
18
1&
#14340000
08
0&
#14345000
18
1&
#14350000
08
0&
#14355000
18
1&
#14356000
10
#14360000
08
0&
#14365000
18
1&
#14366000
0+
0,
00
#14370000
08
0&
#14371000
0'
#14375000
18
1&
#14380000
08
0&
#14385000
18
1&
#14390000
08
0&
#14391000
1'
#14395000
18
1&
#14400000
08
0&
#14405000
18
1&
#14410000
08
0&
#14415000
18
1&
#14416000
b101001001000 (
b10 )
b1000011001101001001001111100111 .
b1010 /
1+
#14420000
08
0&
#14425000
18
1&
#14426000
1,
#14430000
08
0&
#14435000
18
1&
#14440000
08
0&
#14445000
18
1&
#14450000
08
0&
#14455000
18
1&
#14460000
08
0&
#14465000
18
1&
#14470000
08
0&
#14475000
18
1&
#14480000
08
0&
#14485000
18
1&
#14486000
10
#14490000
08
0&
#14495000
18
1&
#14496000
0+
0,
00
#14500000
08
0&
#14505000
18
1&
#14510000
08
0&
#14515000
18
1&
#14517000
0'
#14520000
08
0&
#14525000
18
1&
#14527000
1'
#14530000
08
0&
#14535000
18
1&
#14536000
b1000101100 (
0-
b100 )
b0 .
b0 /
1+
#14540000
08
0&
#14545000
18
1&
#14546000
1,
#14550000
08
0&
#14555000
18
1&
#14560000
08
0&
#14565000
18
1&
#14566000
10
b11011110101011011011111011101111 1
#14570000
08
0&
#14575000
18
1&
#14576000
0+
0,
00
b0 1
#14580000
08
0&
#14585000
18
1&
#14590000
08
0&
#14595000
18
1&
#14596000
b10110111000 (
b0 )
1+
#14600000
08
0&
#14605000
18
1&
#14606000
1,
#14610000
08
0&
#14615000
18
1&
#14620000
08
0&
#14625000
18
1&
#14630000
08
0&
#14635000
18
1&
#14636000
0'
0+
0,
#14640000
08
0&
#14645000
18
1&
#14650000
08
0&
#14651000
1'
#14655000
18
1&
#14656000
b10101000100 (
1-
b111 )
b10101010011001101001101000110000 .
b1000 /
1+
#14660000
08
0&
#14665000
18
1&
#14666000
1,
#14670000
08
0&
#14675000
18
1&
#14680000
08
0&
#14685000
18
1&
#14690000
08
0&
#14695000
18
1&
#14696000
10
#14700000
08
0&
#14705000
18
1&
#14706000
0+
0,
00
#14710000
08
0&
#14715000
18
1&
#14720000
08
0&
#14725000
18
1&
#14730000
08
0&
#14735000
18
1&
#14740000
08
0&
#14745000
18
1&
#14746000
b1000111100 (
0-
b11 )
b0 .
b0 /
1+
#14750000
08
0&
#14755000
18
1&
#14756000
1,
#14760000
08
0&
#14765000
18
1&
#14770000
08
0&
#14775000
18
1&
#14780000
08
0&
#14785000
18
1&
#14790000
08
0&
#14795000
18
1&
#14800000
08
0&
#14805000
18
1&
#14806000
10
b11011110101011011011111011101111 1
#14810000
08
0&
#14815000
18
1&
#14816000
0+
0,
00
b0 1
#14820000
08
0&
#14825000
18
1&
#14830000
08
0&
#14835000
18
1&
#14840000
08
0&
#14845000
18
1&
#14846000
b111011000 (
b110 )
1+
#14850000
08
0&
#14855000
18
1&
#14856000
1,
#14860000
08
0&
#14865000
18
1&
#14870000
08
0&
#14875000
18
1&
#14880000
08
0&
#14885000
18
1&
#14886000
10
b11011110101011011011111011101111 1
#14890000
08
0&
#14895000
18
1&
#14896000
0+
0,
00
b0 1
#14898000
0'
#14900000
08
0&
#14905000
18
1&
#14908000
1'
#14910000
08
0&
#14915000
18
1&
#14920000
08
0&
#14925000
18
1&
#14926000
b111110100 (
b1 )
1+
#14930000
08
0&
#14935000
18
1&
#14936000
1,
#14940000
08
0&
#14945000
18
1&
#14950000
08
0&
#14955000
18
1&
#14960000
08
0&
#14965000
18
1&
#14970000
08
0&
#14972000
0'
0+
0,
#14975000
18
1&
#14980000
08
0&
#14985000
18
1&
#14990000
08
0&
#14992000
1'
#14995000
18
1&
#15000000
08
0&
#15005000
18
1&
#15010000
08
0&
#15015000
18
1&
#15020000
08
0&
#15025000
18
1&
#15026000
b11010101100 (
1-
b111 )
b10010000011000011111011100111110 .
b1101 /
1+
#15030000
08
0&
#15035000
18
1&
#15036000
1,
#15040000
08
0&
#15045000
18
1&
#15050000
08
0&
#15055000
18
1&
#15060000
08
0&
#15065000
18
1&
#15070000
08
0&
#15075000
18
1&
#15076000
10
#15080000
08
0&
#15085000
18
1&
#15086000
0+
0,
00
#15090000
08
0&
#15095000
18
1&
#15100000
08
0&
#15105000
18
1&
#15110000
08
0&
#15115000
18
1&
#15116000
b101000110000 (
0-
b10 )
b0 .
b0 /
1+
#15120000
08
0&
#15125000
18
1&
#15126000
1,
#15130000
08
0&
#15135000
18
1&
#15140000
08
0&
#15145000
18
1&
#15150000
08
0&
#15155000
18
1&
#15160000
08
0&
#15165000
18
1&
#15166000
10
b11011110101011011011111011101111 1
#15170000
08
0&
#15171000
0'
00
b0 1
0+
0,
#15175000
18
1&
#15180000
08
0&
#15185000
18
1&
#15186000
1'
#15190000
08
0&
#15195000
18
1&
#15196000
b10101110100 (
1-
b1 )
b100111100001011101110011011101 .
b1111 /
1+
#15200000
08
0&
#15205000
18
1&
#15206000
1,
#15210000
08
0&
#15215000
18
1&
#15220000
08
0&
#15225000
18
1&
#15230000
08
0&
#15235000
18
1&
#15240000
08
0&
#15245000
18
1&
#15246000
10
#15250000
08
0&
#15255000
18
1&
#15256000
0+
0,
00
#15260000
08
0&
#15265000
18
1&
#15266000
b111100110000 (
b100 )
b11101010010011000101100001110001 .
b101 /
1+
#15270000
08
0&
#15275000
18
1&
#15276000
1,
#15280000
08
0&
#15283000
0'
0+
0,
#15285000
18
1&
#15290000
08
0&
#15295000
18
1&
#15300000
08
0&
#15303000
1'
#15305000
18
1&
#15306000
b110010100000 (
b0 )
b10001111111100111101011100001010 .
b111 /
1+
#15310000
08
0&
#15315000
18
1&
#15316000
1,
#15320000
08
0&
#15325000
18
1&
#15330000
08
0&
#15335000
18
1&
#15340000
08
0&
#15345000
18
1&
#15350000
08
0&
#15355000
18
1&
#15360000
08
0&
#15365000
18
1&
#15366000
10
#15370000
08
0&
#15375000
18
1&
#15376000
0+
0,
00
#15380000
08
0&
#15385000
18
1&
#15390000
08
0&
#15395000
18
1&
#15396000
b100000011000 (
0-
b101 )
b0 .
b0 /
1+
#15400000
08
0&
#15405000
0'
18
1&
0+
#15410000
08
0&
#15415000
1'
18
1&
#15420000
08
0&
#15425000
18
1&
#15430000
08
0&
#15435000
18
1&
#15440000
08
0&
#15445000
18
1&
#15446000
b110110111100 (
1-
b11010101100011110010011011111010 .
b1101 /
1+
#15450000
08
0&
#15455000
18
1&
#15456000
1,
#15460000
08
0&
#15465000
0'
18
1&
0+
0,
#15470000
08
0&
#15475000
18
1&
#15480000
1'
08
0&
#15485000
18
1&
#15486000
b110001100000 (
b111 )
b1011110011100010111011010111100 .
1+
#15490000
08
0&
#15495000
18
1&
#15496000
1,
#15500000
08
0&
#15505000
18
1&
#15510000
08
0&
#15515000
18
1&
#15516000
10
#15520000
08
0&
#15525000
18
1&
#15526000
0+
0,
00
#15530000
08
0&
#15535000
18
1&
#15540000
08
0&
#15545000
18
1&
#15550000
08
0&
#15555000
18
1&
#15556000
b110001111100 (
0-
b100 )
b0 .
b0 /
1+
#15560000
08
0&
#15565000
18
1&
#15566000
1,
#15570000
08
0&
#15575000
18
1&
#15580000
08
0&
#15585000
18
1&
#15590000
08
0&
#15595000
18
1&
#15600000
08
0&
#15605000
18
1&
#15610000
08
0&
#15615000
18
1&
#15620000
08
0&
#15621000
0'
0+
0,
#15625000
18
1&
#15630000
08
0&
#15631000
1'
#15635000
18
1&
#15640000
08
0&
#15645000
18
1&
#15646000
b101000010000 (
1-
b111 )
b11011011110101000011010010110111 .
b1100 /
1+
#15650000
08
0&
#15655000
18
1&
#15656000
1,
#15660000
08
0&
#15665000
18
1&
#15670000
08
0&
#15675000
18
1&
#15680000
08
0&
#15685000
18
1&
#15690000
08
0&
#15695000
18
1&
#15700000
08
0&
#15705000
18
1&
#15710000
08
0&
#15715000
18
1&
#15716000
10
#15720000
08
0&
#15725000
18
1&
#15726000
0+
0,
00
#15730000
08
0&
#15735000
18
1&
#15740000
08
0&
#15745000
18
1&
#15746000
b110100111100 (
b111101000100010101111111010111 .
b1001 /
1+
#15750000
08
0&
#15755000
18
1&
#15756000
1,
#15760000
08
0&
#15765000
18
1&
#15770000
08
0&
#15775000
18
1&
#15780000
08
0&
#15785000
18
1&
#15790000
08
0&
#15795000
18
1&
#15796000
10
#15800000
08
0&
#15805000
18
1&
#15806000
0+
0,
00
#15810000
0'
08
0&
#15815000
18
1&
#15820000
08
0&
#15825000
18
1&
#15830000
1'
08
0&
#15835000
18
1&
#15836000
b1010000000 (
0-
b10 )
b0 .
b0 /
1+
#15840000
08
0&
#15845000
18
1&
#15846000
1,
#15850000
08
0&
#15855000
18
1&
#15860000
08
0&
#15865000
18
1&
#15870000
08
0&
#15875000
18
1&
#15880000
08
0&
#15885000
18
1&
#15890000
08
0&
#15895000
18
1&
#15900000
08
0&
#15905000
18
1&
#15906000
10
b11011110101011011011111011101111 1
#15910000
08
0&
#15915000
18
1&
#15916000
0+
0,
00
b0 1
#15920000
08
0&
#15925000
18
1&
#15930000
08
0&
#15935000
18
1&
#15936000
b10000000000 (
b100 )
1+
#15940000
08
0&
#15945000
18
1&
#15946000
1,
#15950000
08
0&
#15955000
18
1&
#15960000
08
0&
#15965000
18
1&
#15970000
08
0&
#15975000
18
1&
#15976000
10
b11011110101011011011111011101111 1
#15980000
08
0&
#15985000
18
1&
#15986000
0+
0,
00
b0 1
#15990000
08
0&
#15995000
18
1&
#16000000
08
0&
#16005000
18
1&
#16006000
b10001001000 (
b110 )
1+
#16010000
08
0&
#16015000
18
1&
#16016000
1,
#16020000
08
0&
#16025000
18
1&
#16030000
08
0&
#16035000
18
1&
#16040000
08
0&
#16045000
18
1&
#16050000
08
0&
#16055000
18
1&
#16060000
08
0&
#16065000
18
1&
#16070000
08
0&
#16073000
0'
0+
0,
#16075000
18
1&
#16080000
08
0&
#16085000
18
1&
#16088000
1'
#16090000
08
0&
#16095000
18
1&
#16100000
08
0&
#16105000
18
1&
#16110000
08
0&
#16115000
18
1&
#16120000
08
0&
#16125000
18
1&
#16126000
b11010111100 (
1-
b0 )
b10010010110010101110101000 .
b100 /
1+
#16130000
08
0&
#16135000
18
1&
#16136000
1,
#16140000
08
0&
#16145000
18
1&
#16150000
08
0&
#16155000
18
1&
#16160000
08
0&
#16165000
18
1&
#16166000
10
#16170000
08
0&
#16171000
0'
00
0+
0,
#16175000
18
1&
#16180000
08
0&
#16181000
1'
#16185000
18
1&
#16190000
08
0&
#16195000
18
1&
#16200000
08
0&
#16205000
18
1&
#16210000
08
0&
#16215000
18
1&
#16216000
b10001001100 (
0-
b110 )
b0 .
b0 /
1+
#16220000
08
0&
#16225000
18
1&
#16226000
1,
#16230000
08
0&
#16235000
18
1&
#16240000
08
0&
#16245000
18
1&
#16250000
08
0&
#16254000
0'
0+
0,
#16255000
18
1&
#16260000
08
0&
#16265000
18
1&
#16270000
08
0&
#16275000
18
1&
#16279000
1'
#16280000
08
0&
#16285000
18
1&
#16286000
b1100000100 (
1+
#16290000
08
0&
#16295000
18
1&
#16296000
1,
#16300000
08
0&
#16305000
18
1&
#16310000
08
0&
#16315000
18
1&
#16320000
08
0&
#16325000
18
1&
#16326000
10
b11011110101011011011111011101111 1
#16330000
08
0&
#16335000
18
1&
#16336000
0+
0,
00
b0 1
#16340000
08
0&
#16345000
18
1&
#16350000
08
0&
#16355000
18
1&
#16360000
08
0&
#16365000
18
1&
#16366000
b111011100 (
1+
#16367000
0'
0+
#16370000
08
0&
#16375000
18
1&
#16377000
1'
#16380000
08
0&
#16385000
18
1&
#16390000
08
0&
#16395000
18
1&
#16396000
b1010000100 (
1-
b100 )
b10110111010001101111100010000011 .
b10 /
1+
#16400000
08
0&
#16405000
18
1&
#16406000
1,
#16410000
08
0&
#16415000
18
1&
#16420000
08
0&
#16425000
18
1&
#16430000
08
0&
#16435000
18
1&
#16436000
10
#16440000
08
0&
#16445000
18
1&
#16446000
0+
0,
00
#16450000
08
0&
#16455000
18
1&
#16460000
08
0&
#16465000
18
1&
#16470000
08
0&
#16475000
18
1&
#16480000
08
0&
#16485000
18
1&
#16486000
b101011111100 (
0-
b110 )
b0 .
b0 /
1+
#16490000
08
0&
#16495000
18
1&
#16496000
1,
#16500000
08
0&
#16505000
18
1&
#16510000
08
0&
#16515000
18
1&
#16520000
08
0&
#16525000
18
1&
#16526000
10
b11011110101011011011111011101111 1
#16530000
08
0&
#16535000
18
1&
#16536000
0+
0,
00
b0 1
#16540000
08
0&
#16545000
18
1&
#16546000
b100100101000 (
1-
b0 )
b10101001001100011111101001110 .
b1110 /
1+
#16550000
08
0&
#16555000
18
1&
#16556000
1,
#16560000
08
0&
#16565000
18
1&
#16570000
08
0&
#16575000
18
1&
#16576000
10
#16580000
08
0&
#16585000
18
1&
#16586000
0+
0,
00
#16590000
08
0&
#16595000
18
1&
#16600000
08
0&
#16605000
18
1&
#16610000
08
0&
#16615000
18
1&
#16620000
08
0&
#16625000
0'
18
1&
#16630000
08
0&
#16635000
1'
18
1&
#16640000
08
0&
#16645000
18
1&
#16650000
08
0&
#16655000
18
1&
#16656000
b111000110100 (
b11010111001101101111111101111110 .
b1100 /
1+
#16660000
08
0&
#16665000
18
1&
#16666000
1,
#16670000
08
0&
#16675000
18
1&
#16680000
08
0&
#16685000
18
1&
#16686000
10
#16690000
08
0&
#16695000
18
1&
#16696000
0+
0,
00
#16700000
08
0&
#16705000
18
1&
#16706000
b110100000000 (
0-
b110 )
b0 .
b0 /
1+
#16710000
08
0&
#16715000
18
1&
#16716000
1,
#16720000
08
0&
#16725000
18
1&
#16730000
08
0&
#16735000
18
1&
#16740000
08
0&
#16745000
18
1&
#16746000
10
b11011110101011011011111011101111 1
#16750000
08
0&
#16755000
18
1&
#16756000
0+
0,
00
b0 1
#16760000
08
0&
#16765000
18
1&
#16770000
08
0&
#16774000
0'
#16775000
18
1&
#16780000
08
0&
#16784000
1'
#16785000
18
1&
#16790000
08
0&
#16795000
18
1&
#16800000
08
0&
#16805000
18
1&
#16810000
08
0&
#16815000
18
1&
#16816000
b100010011000 (
1+
#16820000
08
0&
#16825000
18
1&
#16826000
1,
#16830000
08
0&
#16835000
18
1&
#16840000
08
0&
#16845000
18
1&
#16850000
08
0&
#16855000
18
1&
#16856000
10
b11011110101011011011111011101111 1
#16860000
08
0&
#16865000
18
1&
#16866000
0+
0,
00
b0 1
#16870000
08
0&
#16875000
18
1&
#16880000
08
0&
#16885000
18
1&
#16890000
08
0&
#16895000
18
1&
#16900000
08
0&
#16905000
18
1&
#16906000
b1101111100 (
1-
b111 )
b10001000100011010110100101111 .
b1101 /
1+
#16910000
08
0&
#16915000
18
1&
#16916000
1,
#16920000
08
0&
#16925000
18
1&
#16930000
08
0&
#16935000
18
1&
#16940000
08
0&
#16945000
18
1&
#16950000
08
0&
#16955000
18
1&
#16960000
08
0&
#16965000
18
1&
#16970000
08
0&
#16975000
18
1&
#16976000
10
#16980000
08
0&
#16985000
18
1&
#16986000
0+
0,
00
#16990000
08
0&
#16995000
18
1&
#17000000
08
0&
#17005000
0'
18
1&
#17010000
08
0&
#17015000
18
1&
#17020000
08
0&
#17025000
18
1&
#17030000
1'
08
0&
#17035000
18
1&
#17040000
08
0&
#17045000
18
1&
#17046000
b111100011000 (
0-
b101 )
b0 .
b0 /
1+
#17050000
08
0&
#17055000
18
1&
#17056000
1,
#17060000
08
0&
#17065000
18
1&
#17070000
08
0&
#17075000
18
1&
#17080000
08
0&
#17085000
18
1&
#17090000
08
0&
#17095000
18
1&
#17096000
10
b11011110101011011011111011101111 1
#17100000
08
0&
#17105000
18
1&
#17106000
0+
0,
00
b0 1
#17110000
08
0&
#17115000
18
1&
#17116000
b100110010100 (
1-
b111 )
b10010110001011010011101101110110 .
b1000 /
1+
#17120000
08
0&
#17125000
18
1&
#17126000
1,
#17130000
08
0&
#17135000
18
1&
#17140000
08
0&
#17145000
18
1&
#17146000
10
#17150000
08
0&
#17155000
18
1&
#17156000
0+
0,
00
#17160000
08
0&
#17165000
18
1&
#17170000
08
0&
#17175000
18
1&
#17176000
b10001100 (
b0 )
b1110111000111000111111001001010 .
b1010 /
1+
#17180000
08
0&
#17185000
18
1&
#17186000
1,
#17190000
08
0&
#17195000
18
1&
#17200000
08
0&
#17205000
18
1&
#17210000
08
0&
#17215000
18
1&
#17220000
08
0&
#17225000
18
1&
#17230000
08
0&
#17235000
18
1&
#17236000
10
#17240000
08
0&
#17245000
18
1&
#17246000
0+
0,
00
#17250000
08
0&
#17255000
18
1&
#17260000
08
0&
#17265000
18
1&
#17266000
b10011001100 (
b111 )
b10000011101001101010010110111111 .
b1000 /
1+
#17270000
08
0&
#17272000
0'
0+
#17275000
18
1&
#17280000
08
0&
#17285000
18
1&
#17290000
08
0&
#17292000
1'
#17295000
18
1&
#17296000
b1001101100 (
0-
b110 )
b0 .
b0 /
1+
#17300000
08
0&
#17305000
18
1&
#17306000
1,
#17310000
08
0&
#17315000
18
1&
#17320000
08
0&
#17325000
18
1&
#17330000
08
0&
#17335000
18
1&
#17340000
08
0&
#17345000
18
1&
#17350000
08
0&
#17355000
18
1&
#17360000
08
0&
#17365000
18
1&
#17366000
10
b11011110101011011011111011101111 1
#17370000
08
0&
#17375000
18
1&
#17376000
0+
0,
00
b0 1
#17380000
08
0&
#17385000
18
1&
#17386000
b101100100 (
1-
b110110111100111111100101011001 .
b1011 /
1+
#17390000
08
0&
#17393000
0'
0+
#17395000
18
1&
#17400000
08
0&
#17405000
18
1&
#17408000
1'
#17410000
08
0&
#17415000
18
1&
#17420000
08
0&
#17425000
18
1&
#17426000
b101010000 (
0-
b101 )
b0 .
b0 /
1+
#17430000
08
0&
#17435000
18
1&
#17436000
1,
#17440000
08
0&
#17445000
18
1&
#17450000
08
0&
#17455000
18
1&
#17460000
08
0&
#17465000
18
1&
#17466000
10
b11011110101011011011111011101111 1
#17470000
08
0&
#17475000
18
1&
#17476000
0+
0,
00
b0 1
#17480000
08
0&
#17485000
18
1&
#17490000
08
0&
#17495000
18
1&
#17500000
08
0&
#17505000
18
1&
#17506000
b10101101100 (
b1 )
1+
#17510000
08
0&
#17515000
18
1&
#17516000
1,
#17520000
08
0&
#17525000
18
1&
#17530000
08
0&
#17535000
18
1&
#17536000
10
b11011110101011011011111011101111 1
#17540000
08
0&
#17545000
18
1&
#17546000
0+
0,
00
b0 1
#17550000
08
0&
#17555000
18
1&
#17560000
08
0&
#17561000
0'
#17565000
18
1&
#17570000
08
0&
#17575000
18
1&
#17580000
08
0&
#17585000
18
1&
#17586000
1'
#17590000
08
0&
#17595000
18
1&
#17596000
b100011110100 (
1+
#17600000
08
0&
#17605000
18
1&
#17606000
1,
#17610000
08
0&
#17615000
18
1&
#17620000
08
0&
#17625000
18
1&
#17630000
08
0&
#17635000
18
1&
#17640000
08
0&
#17645000
18
1&
#17650000
08
0&
#17655000
18
1&
#17656000
10
b11011110101011011011111011101111 1
#17660000
08
0&
#17665000
18
1&
#17666000
0+
0,
00
b0 1
#17670000
08
0&
#17675000
18
1&
#17676000
b111110100100 (
b111 )
1+
#17680000
08
0&
#17685000
18
1&
#17686000
1,
#17690000
08
0&
#17695000
18
1&
#17700000
08
0&
#17705000
18
1&
#17710000
08
0&
#17715000
18
1&
#17720000
08
0&
#17725000
18
1&
#17730000
08
0&
#17735000
18
1&
#17736000
0'
0+
0,
10
b11011110101011011011111011101111 1
#17740000
08
0&
#17745000
18
1&
#17750000
08
0&
#17755000
18
1&
#17756000
1'
#17760000
08
0&
#17765000
18
1&
#17770000
08
0&
#17775000
18
1&
#17780000
08
0&
#17785000
18
1&
#17790000
08
0&
#17795000
18
1&
#17796000
b100101110100 (
1-
b0 )
b100100010111111000111000001 .
b110 /
1+
#17800000
08
0&
#17805000
18
1&
#17806000
1,
#17810000
08
0&
#17815000
18
1&
#17816000
0+
0,
00
#17820000
08
0&
#17825000
18
1&
#17830000
08
0&
#17835000
18
1&
#17840000
08
0&
#17845000
18
1&
#17850000
08
0&
#17855000
18
1&
#17856000
b1011110000 (
0-
b0 .
b0 /
1+
#17860000
08
0&
#17865000
18
1&
#17866000
1,
#17870000
08
0&
#17875000
18
1&
#17876000
b0 1
#17880000
08
0&
#17885000
18
1&
#17890000
08
0&
#17895000
18
1&
#17900000
08
0&
#17905000
18
1&
#17910000
08
0&
#17915000
18
1&
#17920000
08
0&
#17925000
18
1&
#17930000
08
0&
#17935000
18
1&
#17940000
08
0&
#17945000
18
1&
#17950000
08
0&
#17955000
18
1&
#17960000
08
0&
#17965000
18
1&
#17970000
08
0&
#17975000
18
1&
#17980000
08
0&
#17985000
18
1&
#17990000
08
0&
#17995000
18
1&
#17997000
0'
0+
0,
#18000000
08
0&
#18005000
18
1&
#18010000
08
0&
#18012000
1'
#18015000
18
1&
#18016000
b11000100100 (
b111 )
1+
#18020000
08
0&
#18025000
18
1&
#18026000
1,
#18030000
08
0&
#18035000
18
1&
#18040000
08
0&
#18045000
18
1&
#18050000
08
0&
#18055000
18
1&
#18060000
08
0&
#18065000
18
1&
#18070000
08
0&
#18075000
18
1&
#18076000
10
b11011110101011011011111011101111 1
#18080000
08
0&
#18085000
18
1&
#18086000
0+
0,
00
b0 1
#18090000
08
0&
#18095000
18
1&
#18100000
08
0&
#18105000
18
1&
#18106000
b10100000000 (
1-
b0 )
b10111110110110001001110101111011 .
b1000 /
1+
#18110000
08
0&
#18115000
18
1&
#18116000
1,
#18120000
08
0&
#18125000
18
1&
#18130000
08
0&
#18135000
18
1&
#18140000
08
0&
#18145000
18
1&
#18150000
08
0&
#18155000
18
1&
#18160000
08
0&
#18165000
18
1&
#18166000
10
#18170000
08
0&
#18175000
18
1&
#18176000
0+
0,
00
#18180000
08
0&
#18185000
18
1&
#18190000
08
0&
#18195000
18
1&
#18200000
08
0&
#18205000
18
1&
#18206000
b100110100100 (
0-
b10 )
b0 .
b0 /
1+
#18210000
08
0&
#18215000
18
1&
#18216000
1,
#18220000
08
0&
#18225000
18
1&
#18230000
08
0&
#18235000
18
1&
#18240000
08
0&
#18245000
18
1&
#18250000
08
0&
#18254000
0'
0+
0,
#18255000
18
1&
#18260000
08
0&
#18265000
18
1&
#18269000
1'
#18270000
08
0&
#18275000
18
1&
#18280000
08
0&
#18285000
18
1&
#18290000
08
0&
#18295000
18
1&
#18296000
b10011010100 (
1-
b11 )
b1010000000011111110110111001010 .
b110 /
1+
#18300000
08
0&
#18305000
18
1&
#18306000
1,
#18310000
08
0&
#18315000
18
1&
#18320000
08
0&
#18325000
18
1&
#18330000
08
0&
#18335000
18
1&
#18336000
10
#18340000
08
0&
#18342000
0'
00
0+
0,
#18345000
18
1&
#18350000
08
0&
#18355000
18
1&
#18360000
08
0&
#18362000
1'
#18365000
18
1&
#18370000
08
0&
#18375000
18
1&
#18380000
08
0&
#18385000
18
1&
#18386000
b11001101000 (
b10 )
b11110101110010100100000011101001 .
b11 /
1+
#18390000
08
0&
#18395000
18
1&
#18396000
1,
#18400000
08
0&
#18405000
18
1&
#18410000
08
0&
#18415000
18
1&
#18420000
08
0&
#18425000
18
1&
#18430000
08
0&
#18435000
18
1&
#18436000
10
#18440000
08
0&
#18445000
18
1&
#18446000
0+
0,
00
#18447000
0'
#18450000
08
0&
#18455000
18
1&
#18460000
08
0&
#18462000
1'
#18465000
18
1&
#18470000
08
0&
#18475000
18
1&
#18480000
08
0&
#18485000
18
1&
#18486000
b11001100100 (
b100 )
b10110101001101011100001110011011 .
1+
#18490000
08
0&
#18495000
18
1&
#18496000
1,
#18500000
08
0&
#18505000
18
1&
#18510000
08
0&
#18515000
18
1&
#18516000
10
#18520000
08
0&
#18525000
18
1&
#18526000
0+
0,
00
#18530000
08
0&
#18535000
18
1&
#18540000
08
0&
#18545000
18
1&
#18546000
b111010011100 (
b10011101110110011101100011101100 .
b1 /
1+
#18550000
08
0&
#18555000
18
1&
#18556000
1,
#18560000
08
0&
#18565000
18
1&
#18570000
08
0&
#18575000
18
1&
#18576000
10
#18580000
08
0&
#18585000
18
1&
#18586000
0+
0,
00
#18590000
08
0&
#18595000
18
1&
#18596000
b100001100 (
0-
b0 )
b0 .
b0 /
1+
#18600000
08
0&
#18605000
18
1&
#18606000
1,
#18610000
08
0&
#18615000
18
1&
#18620000
08
0&
#18625000
18
1&
#18630000
08
0&
#18635000
18
1&
#18636000
10
b11011110101011011011111011101111 1
#18640000
08
0&
#18645000
18
1&
#18646000
0+
0,
00
b0 1
#18650000
08
0&
#18655000
18
1&
#18660000
08
0&
#18665000
18
1&
#18670000
08
0&
#18675000
18
1&
#18676000
b11001100000 (
b111 )
1+
#18680000
08
0&
#18685000
18
1&
#18686000
1,
#18690000
08
0&
#18695000
18
1&
#18700000
08
0&
#18701000
0'
0+
0,
#18705000
18
1&
#18710000
08
0&
#18715000
18
1&
#18716000
1'
#18720000
08
0&
#18725000
18
1&
#18726000
b100101000100 (
b0 )
1+
#18730000
08
0&
#18735000
18
1&
#18736000
1,
#18740000
08
0&
#18745000
18
1&
#18750000
08
0&
#18755000
18
1&
#18760000
08
0&
#18765000
18
1&
#18770000
08
0&
#18775000
18
1&
#18780000
08
0&
#18785000
18
1&
#18786000
10
b11011110101011011011111011101111 1
#18790000
08
0&
#18795000
18
1&
#18796000
0+
0,
00
b0 1
#18800000
08
0&
#18805000
18
1&
#18810000
08
0&
#18812000
0'
#18815000
18
1&
#18820000
08
0&
#18825000
18
1&
#18827000
1'
#18830000
08
0&
#18835000
18
1&
#18840000
08
0&
#18845000
18
1&
#18850000
08
0&
#18855000
18
1&
#18860000
08
0&
#18865000
18
1&
#18866000
b111111110000 (
1-
b111 )
b10000010011010010000101100011101 .
b111 /
1+
#18870000
08
0&
#18875000
18
1&
#18876000
1,
#18880000
08
0&
#18885000
18
1&
#18890000
08
0&
#18895000
18
1&
#18896000
10
#18900000
08
0&
#18905000
18
1&
#18906000
0+
0,
00
#18910000
08
0&
#18915000
18
1&
#18916000
b1000110000 (
b1 )
b1000001111111000010010001111110 .
b1000 /
1+
#18920000
08
0&
#18925000
18
1&
#18926000
1,
#18930000
08
0&
#18934000
0'
0+
0,
#18935000
18
1&
#18940000
08
0&
#18944000
1'
#18945000
18
1&
#18950000
08
0&
#18955000
18
1&
#18960000
08
0&
#18965000
18
1&
#18970000
08
0&
#18975000
18
1&
#18976000
b1101000 (
b110 )
b1110000100000110001111011001 .
b10 /
1+
#18980000
08
0&
#18985000
18
1&
#18986000
1,
#18990000
08
0&
#18995000
18
1&
#19000000
08
0&
#19005000
18
1&
#19010000
08
0&
#19015000
18
1&
#19020000
08
0&
#19025000
18
1&
#19030000
08
0&
#19035000
18
1&
#19040000
08
0&
#19045000
18
1&
#19046000
10
#19050000
08
0&
#19055000
18
1&
#19056000
0+
0,
00
#19060000
08
0&
#19065000
18
1&
#19070000
08
0&
#19075000
18
1&
#19080000
08
0&
#19085000
18
1&
#19086000
b1101110000 (
b111 )
b11110010110000110100100011100 .
b1001 /
1+
#19090000
08
0&
#19095000
18
1&
#19096000
1,
#19100000
08
0&
#19105000
18
1&
#19110000
08
0&
#19115000
18
1&
#19116000
10
#19120000
08
0&
#19125000
18
1&
#19126000
0+
0,
00
#19130000
0'
08
0&
#19135000
18
1&
#19140000
08
0&
#19145000
18
1&
#19150000
08
0&
#19155000
1'
18
1&
#19160000
08
0&
#19165000
18
1&
#19166000
b11100 (
b1000000010110001111011110101111 .
b110 /
1+
#19170000
08
0&
#19175000
18
1&
#19176000
1,
#19180000
08
0&
#19185000
18
1&
#19190000
08
0&
#19195000
18
1&
#19200000
08
0&
#19205000
18
1&
#19210000
08
0&
#19215000
18
1&
#19216000
10
#19220000
08
0&
#19225000
18
1&
#19226000
0+
0,
00
#19230000
08
0&
#19235000
18
1&
#19240000
08
0&
#19245000
18
1&
#19250000
08
0&
#19255000
18
1&
#19260000
08
0&
#19265000
18
1&
#19266000
b100110110000 (
0-
b100 )
b0 .
b0 /
1+
#19270000
08
0&
#19275000
18
1&
#19276000
1,
#19280000
08
0&
#19285000
18
1&
#19290000
08
0&
#19295000
18
1&
#19300000
08
0&
#19305000
18
1&
#19310000
08
0&
#19315000
18
1&
#19316000
10
b11011110101011011011111011101111 1
#19320000
08
0&
#19325000
18
1&
#19326000
0+
0,
00
b0 1
#19328000
0'
#19330000
08
0&
#19335000
18
1&
#19340000
08
0&
#19343000
1'
#19345000
18
1&
#19350000
08
0&
#19355000
18
1&
#19360000
08
0&
#19365000
18
1&
#19370000
08
0&
#19375000
18
1&
#19376000
b10111100000 (
1+
#19380000
08
0&
#19385000
18
1&
#19386000
1,
#19390000
08
0&
#19395000
18
1&
#19400000
08
0&
#19405000
18
1&
#19410000
08
0&
#19415000
18
1&
#19420000
08
0&
#19425000
18
1&
#19430000
08
0&
#19435000
18
1&
#19439000
0'
0+
0,
#19440000
08
0&
#19445000
18
1&
#19449000
1'
#19450000
08
0&
#19455000
18
1&
#19456000
b100010010100 (
1-
b11 )
b10001111010000001000111000111111 .
b1010 /
1+
#19460000
08
0&
#19465000
18
1&
#19466000
1,
#19470000
08
0&
#19475000
18
1&
#19480000
08
0&
#19485000
18
1&
#19490000
08
0&
#19495000
18
1&
#19496000
10
#19500000
08
0&
#19505000
18
1&
#19506000
0+
0,
00
#19510000
08
0&
#19515000
18
1&
#19520000
08
0&
#19525000
18
1&
#19526000
b1101010100 (
0-
b0 .
b0 /
1+
#19530000
08
0&
#19535000
18
1&
#19536000
1,
#19540000
08
0&
#19545000
18
1&
#19550000
08
0&
#19555000
18
1&
#19560000
08
0&
#19565000
18
1&
#19566000
10
b11011110101011011011111011101111 1
#19570000
08
0&
#19575000
0'
18
1&
00
b0 1
0+
0,
#19580000
08
0&
#19585000
1'
18
1&
#19590000
08
0&
#19595000
18
1&
#19600000
08
0&
#19605000
18
1&
#19606000
b100110111100 (
b10 )
1+
#19610000
08
0&
#19615000
18
1&
#19616000
1,
#19620000
08
0&
#19625000
18
1&
#19630000
08
0&
#19635000
18
1&
#19636000
10
b11011110101011011011111011101111 1
#19640000
08
0&
#19645000
18
1&
#19646000
0+
0,
00
b0 1
#19650000
08
0&
#19655000
18
1&
#19660000
08
0&
#19665000
18
1&
#19670000
08
0&
#19675000
18
1&
#19678000
0'
#19680000
08
0&
#19685000
18
1&
#19690000
08
0&
#19693000
1'
#19695000
18
1&
#19700000
08
0&
#19705000
18
1&
#19710000
08
0&
#19715000
18
1&
#19716000
b11011011000 (
b1 )
1+
#19720000
08
0&
#19725000
18
1&
#19726000
1,
#19730000
08
0&
#19735000
18
1&
#19740000
08
0&
#19745000
18
1&
#19746000
10
b11011110101011011011111011101111 1
#19750000
08
0&
#19755000
18
1&
#19756000
0+
0,
00
b0 1
#19760000
08
0&
#19763000
0'
#19765000
18
1&
#19770000
08
0&
#19775000
18
1&
#19780000
08
0&
#19785000
18
1&
#19788000
1'
#19790000
08
0&
#19795000
18
1&
#19800000
08
0&
#19805000
18
1&
#19810000
08
0&
#19815000
18
1&
#19816000
b10101100 (
1-
b10 )
b1010110010001010100111101011000 .
b1100 /
1+
#19820000
08
0&
#19825000
18
1&
#19826000
1,
#19830000
08
0&
#19835000
18
1&
#19840000
08
0&
#19845000
18
1&
#19850000
08
0&
#19855000
18
1&
#19860000
08
0&
#19865000
18
1&
#19870000
08
0&
#19875000
18
1&
#19876000
10
#19880000
08
0&
#19885000
18
1&
#19886000
0+
0,
00
#19890000
08
0&
#19895000
18
1&
#19896000
b1100111000 (
b11 )
b1011010001011101010001000111 .
b1101 /
1+
#19900000
08
0&
#19905000
18
1&
#19906000
1,
#19910000
08
0&
#19915000
18
1&
#19920000
08
0&
#19925000
18
1&
#19930000
08
0&
#19935000
18
1&
#19940000
08
0&
#19945000
18
1&
#19946000
10
#19948000
0'
00
0+
0,
#19950000
08
0&
#19955000
18
1&
#19960000
08
0&
#19965000
18
1&
#19968000
1'
#19970000
08
0&
#19975000
18
1&
#19980000
08
0&
#19985000
18
1&
#19986000
b10001000 (
0-
b110 )
b0 .
b0 /
1+
#19990000
08
0&
#19995000
18
1&
#19996000
1,
#20000000
08
0&
#20005000
18
1&
#20010000
08
0&
#20015000
18
1&
#20020000
08
0&
#20025000
18
1&
#20030000
08
0&
#20035000
18
1&
#20040000
08
0&
#20045000
18
1&
#20046000
10
b11011110101011011011111011101111 1
#20050000
08
0&
#20055000
18
1&
#20056000
0+
0,
00
b0 1
#20060000
08
0&
#20065000
18
1&
#20070000
08
0&
#20075000
18
1&
#20080000
08
0&
#20085000
18
1&
#20086000
b100000111100 (
1-
b11 )
b1001010000010100001010001110010 .
b1001 /
1+
#20090000
08
0&
#20095000
18
1&
#20096000
1,
#20100000
08
0&
#20105000
18
1&
#20110000
08
0&
#20115000
0'
18
1&
0+
0,
#20120000
08
0&
#20125000
18
1&
#20130000
08
0&
#20135000
18
1&
#20140000
1'
08
0&
#20145000
18
1&
#20150000
08
0&
#20155000
18
1&
#20156000
b11000011000 (
0-
b101 )
b0 .
b0 /
1+
#20160000
08
0&
#20165000
18
1&
#20166000
1,
#20170000
08
0&
#20175000
18
1&
#20180000
08
0&
#20185000
18
1&
#20190000
08
0&
#20195000
18
1&
#20200000
08
0&
#20205000
18
1&
#20206000
10
b11011110101011011011111011101111 1
#20210000
08
0&
#20215000
18
1&
#20216000
0+
0,
00
b0 1
#20220000
08
0&
#20225000
18
1&
#20230000
08
0&
#20235000
18
1&
#20240000
08
0&
#20245000
18
1&
#20246000
b10100010100 (
b1 )
1+
#20250000
08
0&
#20255000
18
1&
#20256000
1,
#20260000
08
0&
#20265000
18
1&
#20270000
08
0&
#20275000
18
1&
#20276000
10
b11011110101011011011111011101111 1
#20280000
08
0&
#20285000
18
1&
#20286000
0+
0,
00
b0 1
#20290000
08
0&
#20295000
18
1&
#20300000
08
0&
#20304000
0'
#20305000
18
1&
#20310000
08
0&
#20314000
1'
#20315000
18
1&
#20316000
b110010011100 (
b11 )
1+
#20320000
08
0&
#20325000
18
1&
#20326000
1,
#20330000
08
0&
#20335000
18
1&
#20340000
08
0&
#20345000
18
1&
#20350000
08
0&
#20355000
18
1&
#20360000
08
0&
#20365000
18
1&
#20369000
0'
0+
0,
#20370000
08
0&
#20375000
18
1&
#20380000
08
0&
#20385000
18
1&
#20390000
08
0&
#20394000
1'
#20395000
18
1&
#20396000
b111101101100 (
1+
#20400000
08
0&
#20405000
18
1&
#20406000
1,
#20410000
08
0&
#20415000
18
1&
#20420000
08
0&
#20425000
18
1&
#20430000
08
0&
#20435000
18
1&
#20440000
08
0&
#20445000
18
1&
#20446000
10
b11011110101011011011111011101111 1
#20450000
08
0&
#20455000
18
1&
#20456000
0+
0,
00
b0 1
#20460000
08
0&
#20465000
0'
18
1&
#20470000
08
0&
#20475000
1'
18
1&
#20480000
08
0&
#20485000
18
1&
#20490000
08
0&
#20495000
18
1&
#20496000
b110110101100 (
1+
#20500000
08
0&
#20505000
18
1&
#20506000
1,
#20510000
08
0&
#20515000
18
1&
#20520000
08
0&
#20525000
18
1&
#20526000
10
b11011110101011011011111011101111 1
#20530000
08
0&
#20535000
18
1&
#20536000
0+
0,
00
b0 1
#20540000
08
0&
#20545000
18
1&
#20550000
08
0&
#20555000
18
1&
#20560000
08
0&
#20565000
18
1&
#20570000
08
0&
#20575000
18
1&
#20576000
b110100011000 (
b100 )
1+
#20580000
08
0&
#20585000
18
1&
#20586000
1,
#20590000
08
0&
#20595000
18
1&
#20600000
08
0&
#20605000
18
1&
#20610000
08
0&
#20614000
0'
0+
0,
#20615000
18
1&
#20620000
08
0&
#20625000
18
1&
#20630000
08
0&
#20634000
1'
#20635000
18
1&
#20640000
08
0&
#20645000
18
1&
#20650000
08
0&
#20655000
18
1&
#20656000
b111111010100 (
1-
b101 )
b11001001101000111000001010 .
b1110 /
1+
#20660000
08
0&
#20665000
18
1&
#20666000
1,
#20670000
08
0&
#20675000
18
1&
#20680000
08
0&
#20685000
18
1&
#20686000
10
#20690000
08
0&
#20695000
18
1&
#20696000
0+
0,
00
#20700000
08
0&
#20705000
18
1&
#20710000
08
0&
#20715000
18
1&
#20716000
b1101011100 (
b10 )
b1110100101110110000011100100100 .
b1100 /
1+
#20720000
08
0&
#20725000
18
1&
#20726000
1,
#20730000
08
0&
#20735000
18
1&
#20740000
08
0&
#20745000
18
1&
#20750000
08
0&
#20755000
18
1&
#20760000
08
0&
#20765000
18
1&
#20770000
08
0&
#20775000
18
1&
#20780000
08
0&
#20785000
18
1&
#20786000
10
#20790000
08
0&
#20795000
18
1&
#20796000
0+
0,
00
#20800000
08
0&
#20805000
18
1&
#20806000
b101001111000 (
b11 )
b1001110011111001000000000111000 .
b1 /
1+
#20810000
08
0&
#20815000
18
1&
#20816000
1,
#20820000
08
0&
#20825000
18
1&
#20830000
08
0&
#20835000
18
1&
#20840000
08
0&
#20845000
18
1&
#20846000
10
#20850000
08
0&
#20855000
18
1&
#20856000
0+
0,
00
#20860000
08
0&
#20865000
18
1&
#20870000
0'
08
0&
#20875000
18
1&
#20880000
08
0&
#20885000
18
1&
#20890000
08
0&
#20895000
1'
18
1&
#20900000
08
0&
#20905000
18
1&
#20906000
b111101000 (
0-
b0 )
b0 .
b0 /
1+
#20910000
08
0&
#20915000
18
1&
#20916000
1,
#20920000
08
0&
#20925000
18
1&
#20930000
08
0&
#20935000
18
1&
#20940000
08
0&
#20945000
18
1&
#20950000
08
0&
#20955000
18
1&
#20960000
08
0&
#20965000
18
1&
#20970000
08
0&
#20975000
18
1&
#20976000
10
b101000000001110111010111011 1
#20980000
08
0&
#20985000
18
1&
#20986000
0+
0,
00
b0 1
#20990000
08
0&
#20995000
18
1&
#21000000
08
0&
#21005000
18
1&
#21010000
08
0&
#21013000
0'
#21015000
18
1&
#21020000
08
0&
#21025000
18
1&
#21028000
1'
#21030000
08
0&
#21035000
18
1&
#21040000
08
0&
#21045000
18
1&
#21050000
08
0&
#21055000
18
1&
#21056000
b100111101100 (
1-
b11 )
b1101010000110101011001110111100 .
b1001 /
1+
#21060000
08
0&
#21065000
18
1&
#21066000
1,
#21070000
08
0&
#21075000
18
1&
#21080000
08
0&
#21085000
18
1&
#21090000
08
0&
#21095000
18
1&
#21100000
08
0&
#21105000
18
1&
#21110000
08
0&
#21115000
18
1&
#21120000
08
0&
#21125000
18
1&
#21126000
10
#21130000
08
0&
#21135000
18
1&
#21136000
0+
0,
00
#21140000
08
0&
#21145000
18
1&
#21150000
08
0&
#21155000
18
1&
#21160000
08
0&
#21162000
0'
#21165000
18
1&
#21170000
08
0&
#21172000
1'
#21175000
18
1&
#21180000
08
0&
#21185000
18
1&
#21186000
b11000100100 (
b111 )
b10011101000101111011010100111111 .
b1011 /
1+
#21190000
08
0&
#21195000
18
1&
#21196000
1,
#21200000
08
0&
#21205000
18
1&
#21210000
08
0&
#21215000
18
1&
#21220000
08
0&
#21225000
18
1&
#21230000
08
0&
#21235000
18
1&
#21240000
08
0&
#21245000
18
1&
#21246000
10
#21250000
08
0&
#21255000
18
1&
#21256000
0+
0,
00
#21260000
08
0&
#21265000
18
1&
#21270000
08
0&
#21275000
18
1&
#21276000
b100000111000 (
b0 )
b1011011010000110000101111001010 .
b1111 /
1+
#21280000
08
0&
#21285000
18
1&
#21286000
1,
#21290000
08
0&
#21295000
18
1&
#21300000
08
0&
#21305000
18
1&
#21310000
08
0&
#21315000
18
1&
#21320000
08
0&
#21325000
18
1&
#21326000
10
#21328000
0'
00
0+
0,
#21330000
08
0&
#21335000
18
1&
#21340000
08
0&
#21343000
1'
#21345000
18
1&
#21350000
08
0&
#21355000
18
1&
#21360000
08
0&
#21365000
18
1&
#21370000
08
0&
#21375000
18
1&
#21376000
b101011010000 (
0-
b1 )
b0 .
b0 /
1+
#21380000
08
0&
#21385000
18
1&
#21386000
1,
#21390000
08
0&
#21395000
18
1&
#21400000
08
0&
#21405000
18
1&
#21410000
08
0&
#21415000
18
1&
#21420000
08
0&
#21425000
18
1&
#21426000
10
b11011110101011011011111011101111 1
#21430000
08
0&
#21435000
18
1&
#21436000
0+
0,
00
b0 1
#21440000
08
0&
#21445000
18
1&
#21450000
08
0&
#21455000
18
1&
#21460000
08
0&
#21465000
18
1&
#21466000
b10001100100 (
1-
b100 )
b1110101001010110011110100001111 .
b1011 /
1+
#21470000
08
0&
#21475000
18
1&
#21476000
1,
#21480000
08
0&
#21485000
18
1&
#21490000
08
0&
#21495000
0'
18
1&
0+
0,
#21500000
08
0&
#21505000
18
1&
#21510000
08
0&
#21515000
1'
18
1&
#21520000
08
0&
#21525000
18
1&
#21530000
08
0&
#21535000
18
1&
#21536000
b111010000100 (
b0 )
b11110000111111100011111101101110 .
b1 /
1+
#21540000
08
0&
#21545000
18
1&
#21546000
1,
#21550000
08
0&
#21555000
18
1&
#21560000
08
0&
#21565000
18
1&
#21570000
08
0&
#21575000
18
1&
#21580000
08
0&
#21585000
18
1&
#21590000
08
0&
#21595000
18
1&
#21600000
08
0&
#21605000
18
1&
#21606000
10
#21610000
08
0&
#21615000
18
1&
#21616000
0+
0,
00
#21620000
08
0&
#21625000
18
1&
#21630000
08
0&
#21635000
18
1&
#21640000
08
0&
#21645000
18
1&
#21650000
08
0&
#21655000
18
1&
#21656000
b10101001000 (
0-
b110 )
b0 .
b0 /
1+
#21660000
08
0&
#21665000
18
1&
#21666000
1,
#21670000
08
0&
#21675000
18
1&
#21680000
08
0&
#21685000
18
1&
#21690000
08
0&
#21695000
18
1&
#21700000
08
0&
#21705000
18
1&
#21710000
08
0&
#21712000
0'
0+
0,
#21715000
18
1&
#21720000
08
0&
#21725000
18
1&
#21727000
1'
#21730000
08
0&
#21735000
18
1&
#21740000
08
0&
#21745000
18
1&
#21746000
b10011100 (
b0 )
1+
#21750000
08
0&
#21755000
18
1&
#21756000
1,
#21760000
08
0&
#21765000
18
1&
#21770000
08
0&
#21775000
18
1&
#21780000
08
0&
#21785000
18
1&
#21790000
08
0&
#21795000
18
1&
#21800000
08
0&
#21805000
18
1&
#21806000
10
b11011110101011011011111011101111 1
#21810000
08
0&
#21815000
18
1&
#21816000
0+
0,
00
b0 1
#21820000
08
0&
#21825000
18
1&
#21830000
08
0&
#21835000
18
1&
#21836000
b10001010000 (
b110 )
1+
#21840000
08
0&
#21845000
18
1&
#21846000
1,
#21850000
08
0&
#21855000
18
1&
#21860000
08
0&
#21865000
18
1&
#21866000
10
b11011011001000110110110 1
#21870000
08
0&
#21875000
18
1&
#21876000
0+
0,
00
b0 1
#21880000
08
0&
#21885000
18
1&
#21890000
08
0&
#21895000
18
1&
#21900000
08
0&
#21905000
18
1&
#21906000
b110010000 (
b100 )
1+
#21910000
08
0&
#21915000
18
1&
#21916000
1,
#21920000
08
0&
#21923000
0'
0+
0,
#21925000
18
1&
#21930000
08
0&
#21933000
1'
#21935000
18
1&
#21940000
08
0&
#21945000
18
1&
#21950000
08
0&
#21955000
18
1&
#21960000
08
0&
#21965000
18
1&
#21966000
b1101100000 (
1-
b101 )
b1011001010000111001101110000 .
b1 /
1+
#21970000
08
0&
#21975000
18
1&
#21976000
1,
#21980000
08
0&
#21985000
18
1&
#21990000
08
0&
#21995000
18
1&
#21996000
10
#22000000
08
0&
#22005000
18
1&
#22006000
0+
0,
00
#22010000
08
0&
#22015000
18
1&
#22016000
b111001101000 (
b110 )
b11101011100110111101100001100 .
b11 /
1+
#22020000
08
0&
#22025000
18
1&
#22026000
1,
#22030000
08
0&
#22035000
18
1&
#22040000
08
0&
#22045000
18
1&
#22050000
08
0&
#22055000
18
1&
#22060000
08
0&
#22065000
18
1&
#22066000
10
#22070000
08
0&
#22075000
18
1&
#22076000
0+
0,
00
#22080000
08
0&
#22085000
18
1&
#22090000
08
0&
#22095000
18
1&
#22100000
08
0&
#22105000
18
1&
#22110000
08
0&
#22112000
0'
#22115000
18
1&
#22120000
08
0&
#22122000
1'
#22125000
18
1&
#22130000
08
0&
#22135000
18
1&
#22140000
08
0&
#22145000
18
1&
#22150000
08
0&
#22155000
18
1&
#22156000
b111011001100 (
0-
b100 )
b0 .
b0 /
1+
#22160000
08
0&
#22165000
18
1&
#22166000
1,
#22170000
08
0&
#22175000
0'
18
1&
0+
0,
#22180000
08
0&
#22185000
1'
18
1&
#22190000
08
0&
#22195000
18
1&
#22200000
08
0&
#22205000
18
1&
#22206000
b101001001000 (
b101 )
1+
#22210000
08
0&
#22215000
18
1&
#22216000
1,
#22220000
08
0&
#22225000
18
1&
#22230000
08
0&
#22235000
18
1&
#22240000
08
0&
#22245000
18
1&
#22250000
08
0&
#22255000
18
1&
#22256000
10
b1000011000000001001001100000000 1
#22260000
08
0&
#22265000
18
1&
#22266000
0+
0,
00
b0 1
#22270000
08
0&
#22275000
18
1&
#22276000
b110111010100 (
b11 )
1+
#22280000
08
0&
#22285000
18
1&
#22286000
1,
#22290000
08
0&
#22295000
18
1&
#22300000
08
0&
#22305000
18
1&
#22310000
08
0&
#22315000
18
1&
#22320000
08
0&
#22325000
18
1&
#22326000
10
b11011110101011011011111011101111 1
#22330000
08
0&
#22335000
18
1&
#22336000
0+
0,
00
b0 1
#22340000
08
0&
#22341000
0'
#22345000
18
1&
#22350000
08
0&
#22355000
18
1&
#22360000
08
0&
#22365000
18
1&
#22366000
1'
#22370000
08
0&
#22375000
18
1&
#22376000
b10010000 (
b0 )
1+
#22380000
08
0&
#22385000
18
1&
#22386000
1,
#22390000
08
0&
#22395000
18
1&
#22400000
08
0&
#22405000
18
1&
#22410000
08
0&
#22415000
18
1&
#22420000
08
0&
#22425000
18
1&
#22426000
10
b11011110101011011011111011101111 1
#22427000
0'
00
b0 1
0+
0,
#22430000
08
0&
#22435000
18
1&
#22440000
08
0&
#22445000
18
1&
#22447000
1'
#22450000
08
0&
#22455000
18
1&
#22456000
b10001101100 (
b111 )
1+
#22460000
08
0&
#22465000
18
1&
#22466000
1,
#22470000
08
0&
#22475000
18
1&
#22480000
08
0&
#22485000
18
1&
#22490000
08
0&
#22495000
18
1&
#22496000
10
b11011110101011011011111011101111 1
#22500000
08
0&
#22505000
18
1&
#22506000
0+
0,
00
b0 1
#22510000
08
0&
#22515000
18
1&
#22520000
08
0&
#22525000
18
1&
#22527000
0'
#22530000
08
0&
#22535000
18
1&
#22540000
08
0&
#22542000
1'
#22545000
18
1&
#22546000
b100111111000 (
1-
b100 )
b1001001010011000111100011111011 .
b111 /
1+
#22550000
08
0&
#22555000
18
1&
#22556000
1,
#22560000
08
0&
#22565000
18
1&
#22570000
08
0&
#22575000
18
1&
#22580000
08
0&
#22585000
18
1&
#22590000
08
0&
#22595000
18
1&
#22600000
08
0&
#22605000
18
1&
#22606000
0'
0+
0,
10
#22610000
08
0&
#22615000
18
1&
#22620000
08
0&
#22621000
1'
#22625000
18
1&
#22626000
b111111111100 (
b101 )
b1000011001100001100001010011101 .
b100 /
1+
#22630000
08
0&
#22635000
18
1&
#22636000
1,
#22640000
08
0&
#22645000
18
1&
#22646000
0+
0,
00
#22650000
08
0&
#22655000
18
1&
#22660000
08
0&
#22665000
18
1&
#22666000
b11010100100 (
0-
b10 )
b0 .
b0 /
1+
#22670000
08
0&
#22675000
18
1&
#22676000
1,
#22680000
08
0&
#22685000
18
1&
#22690000
08
0&
#22695000
18
1&
#22696000
10
b11011110101011011011111011101111 1
#22700000
08
0&
#22705000
18
1&
#22706000
0+
0,
00
b0 1
#22710000
08
0&
#22715000
18
1&
#22720000
08
0&
#22725000
18
1&
#22730000
08
0&
#22735000
18
1&
#22740000
08
0&
#22745000
18
1&
#22746000
b110101100000 (
b110 )
1+
#22750000
08
0&
#22755000
18
1&
#22756000
1,
#22760000
08
0&
#22765000
18
1&
#22770000
08
0&
#22773000
0'
0+
0,
#22775000
18
1&
#22780000
08
0&
#22785000
18
1&
#22790000
08
0&
#22793000
1'
#22795000
18
1&
#22800000
08
0&
#22805000
18
1&
#22810000
08
0&
#22815000
18
1&
#22816000
b11000010000 (
b1 )
1+
#22820000
08
0&
#22825000
18
1&
#22826000
1,
#22830000
08
0&
#22835000
18
1&
#22840000
08
0&
#22845000
18
1&
#22850000
08
0&
#22855000
18
1&
#22860000
08
0&
#22865000
18
1&
#22870000
08
0&
#22875000
18
1&
#22876000
10
b11011110101011011011111011101111 1
#22880000
08
0&
#22885000
18
1&
#22886000
0+
0,
00
b0 1
#22890000
08
0&
#22895000
18
1&
#22896000
b111000010000 (
b111 )
1+
#22900000
08
0&
#22905000
18
1&
#22906000
1,
#22910000
08
0&
#22915000
18
1&
#22920000
08
0&
#22925000
18
1&
#22930000
08
0&
#22935000
18
1&
#22940000
08
0&
#22945000
18
1&
#22950000
08
0&
#22955000
18
1&
#22956000
10
b11011110101011011011111011101111 1
#22960000
08
0&
#22965000
18
1&
#22966000
0+
0,
00
b0 1
#22970000
08
0&
#22975000
18
1&
#22980000
0'
08
0&
#22985000
18
1&
#22990000
1'
08
0&
#22995000
18
1&
#23000000
08
0&
#23005000
18
1&
#23010000
08
0&
#23015000
18
1&
#23016000
b100100100100 (
1-
b101 )
b101010101001101001101110101001 .
b1011 /
1+
#23020000
08
0&
#23025000
18
1&
#23026000
1,
#23030000
08
0&
#23035000
18
1&
#23040000
08
0&
#23045000
18
1&
#23050000
08
0&
#23055000
18
1&
#23060000
08
0&
#23065000
18
1&
#23066000
10
#23070000
08
0&
#23075000
18
1&
#23076000
0+
0,
00
#23080000
08
0&
#23085000
18
1&
#23090000
08
0&
#23095000
18
1&
#23096000
b110011100100 (
b100 )
b10100000101101111001011101111111 .
b100 /
1+
#23100000
08
0&
#23105000
18
1&
#23106000
1,
#23110000
08
0&
#23115000
18
1&
#23120000
08
0&
#23125000
18
1&
#23130000
08
0&
#23135000
18
1&
#23140000
08
0&
#23145000
18
1&
#23150000
08
0&
#23155000
0'
18
1&
0+
0,
#23160000
08
0&
#23165000
18
1&
#23170000
1'
08
0&
#23175000
18
1&
#23176000
b10111100 (
0-
b1 )
b0 .
b0 /
1+
#23180000
08
0&
#23185000
18
1&
#23186000
1,
#23190000
08
0&
#23195000
18
1&
#23200000
08
0&
#23205000
18
1&
#23210000
08
0&
#23215000
18
1&
#23220000
08
0&
#23225000
18
1&
#23230000
08
0&
#23235000
0'
18
1&
0+
0,
#23240000
08
0&
#23245000
18
1&
#23250000
08
0&
#23255000
1'
18
1&
#23256000
b1001110100 (
1-
b0 )
b10111101000001111110010111001001 .
b1000 /
1+
#23260000
08
0&
#23265000
18
1&
#23266000
1,
#23270000
08
0&
#23275000
18
1&
#23280000
08
0&
#23285000
18
1&
#23290000
08
0&
#23295000
18
1&
#23300000
08
0&
#23305000
18
1&
#23306000
10
#23310000
08
0&
#23315000
18
1&
#23316000
0+
0,
00
#23320000
08
0&
#23325000
18
1&
#23330000
08
0&
#23335000
18
1&
#23340000
08
0&
#23345000
18
1&
#23346000
b111000101100 (
b101 )
b10101101111100000100100000101100 .
b110 /
1+
#23350000
08
0&
#23355000
18
1&
#23356000
1,
#23360000
08
0&
#23365000
18
1&
#23370000
08
0&
#23375000
18
1&
#23380000
08
0&
#23385000
18
1&
#23390000
08
0&
#23395000
18
1&
#23400000
08
0&
#23405000
18
1&
#23410000
08
0&
#23415000
18
1&
#23416000
10
#23420000
08
0&
#23425000
18
1&
#23426000
0+
0,
00
#23430000
08
0&
#23435000
18
1&
#23436000
b11010111100 (
b1001110101101101001011111110111 .
b1101 /
1+
#23440000
08
0&
#23445000
18
1&
#23446000
1,
#23450000
08
0&
#23455000
18
1&
#23460000
08
0&
#23465000
18
1&
#23470000
0'
08
0&
0+
0,
#23475000
18
1&
#23480000
08
0&
#23485000
18
1&
#23490000
1'
08
0&
#23495000
18
1&
#23500000
08
0&
#23505000
18
1&
#23510000
08
0&
#23515000
18
1&
#23516000
b10110111100 (
0-
b100 )
b0 .
b0 /
1+
#23520000
08
0&
#23525000
18
1&
#23526000
1,
#23530000
08
0&
#23535000
18
1&
#23540000
08
0&
#23545000
18
1&
#23550000
08
0&
#23555000
18
1&
#23560000
08
0&
#23565000
18
1&
#23570000
08
0&
#23575000
18
1&
#23576000
10
b11011110101011011011111011101111 1
#23580000
08
0&
#23585000
18
1&
#23586000
0+
0,
00
b0 1
#23590000
08
0&
#23595000
18
1&
#23600000
08
0&
#23605000
18
1&
#23610000
08
0&
#23615000
18
1&
#23620000
08
0&
#23625000
18
1&
#23626000
b100010100 (
1-
b110 )
b10001101001011001001100100101111 .
b10 /
1+
#23630000
08
0&
#23635000
18
1&
#23636000
1,
#23640000
08
0&
#23645000
18
1&
#23650000
08
0&
#23655000
18
1&
#23660000
08
0&
#23665000
18
1&
#23670000
08
0&
#23675000
18
1&
#23680000
08
0&
#23685000
18
1&
#23686000
10
#23687000
0'
00
0+
0,
#23690000
08
0&
#23695000
18
1&
#23700000
08
0&
#23705000
18
1&
#23710000
08
0&
#23712000
1'
#23715000
18
1&
#23716000
b10111010000 (
b101 )
b10111010100000011000110001101011 .
b110 /
1+
#23720000
08
0&
#23725000
18
1&
#23726000
1,
#23730000
08
0&
#23735000
18
1&
#23740000
08
0&
#23745000
18
1&
#23746000
10
#23750000
08
0&
#23755000
18
1&
#23756000
0+
0,
00
#23760000
08
0&
#23765000
18
1&
#23770000
08
0&
#23775000
18
1&
#23780000
08
0&
#23785000
18
1&
#23786000
b11001011000 (
0-
b0 )
b0 .
b0 /
1+
#23790000
08
0&
#23795000
18
1&
#23796000
1,
#23800000
08
0&
#23805000
18
1&
#23810000
08
0&
#23815000
18
1&
#23820000
08
0&
#23825000
18
1&
#23826000
10
b11011000010100011110010000000000 1
#23828000
0'
00
b0 1
0+
0,
#23830000
08
0&
#23835000
18
1&
#23840000
08
0&
#23845000
18
1&
#23848000
1'
#23850000
08
0&
#23855000
18
1&
#23856000
b101110000000 (
1-
b1 )
b101110000010101110000100101100 .
b1011 /
1+
#23860000
08
0&
#23865000
18
1&
#23866000
1,
#23870000
08
0&
#23875000
18
1&
#23880000
08
0&
#23885000
18
1&
#23890000
08
0&
#23895000
18
1&
#23896000
10
#23900000
08
0&
#23905000
18
1&
#23906000
0+
0,
00
#23910000
0'
08
0&
#23915000
18
1&
#23920000
1'
08
0&
#23925000
18
1&
#23930000
08
0&
#23935000
18
1&
#23940000
08
0&
#23945000
18
1&
#23946000
b1000100 (
0-
b10 )
b0 .
b0 /
1+
#23950000
08
0&
#23955000
18
1&
#23956000
1,
#23960000
08
0&
#23965000
18
1&
#23970000
08
0&
#23975000
18
1&
#23976000
10
b10001011 1
#23980000
08
0&
#23985000
18
1&
#23986000
0+
0,
00
b0 1
#23990000
08
0&
#23995000
18
1&
#24000000
08
0&
#24005000
18
1&
#24010000
08
0&
#24015000
18
1&
#24016000
b11100000100 (
b1 )
1+
#24020000
08
0&
#24025000
18
1&
#24026000
1,
#24030000
08
0&
#24035000
18
1&
#24040000
08
0&
#24045000
18
1&
#24050000
08
0&
#24055000
18
1&
#24056000
10
b11011110101011011011111011101111 1
#24060000
08
0&
#24065000
18
1&
#24066000
0+
0,
00
b0 1
#24070000
08
0&
#24075000
18
1&
#24080000
08
0&
#24085000
18
1&
#24090000
08
0&
#24095000
18
1&
#24100000
08
0&
#24105000
18
1&
#24106000
b11110110000 (
1+
#24110000
08
0&
#24115000
18
1&
#24116000
1,
#24120000
08
0&
#24125000
18
1&
#24130000
08
0&
#24135000
18
1&
#24136000
10
b11011110101011011011111011101111 1
#24140000
08
0&
#24145000
18
1&
#24146000
0+
0,
00
b0 1
#24150000
0'
08
0&
#24155000
18
1&
#24160000
1'
08
0&
#24165000
18
1&
#24170000
08
0&
#24175000
18
1&
#24176000
b10101011000 (
b101 )
1+
#24180000
08
0&
#24185000
18
1&
#24186000
1,
#24190000
08
0&
#24195000
18
1&
#24200000
08
0&
#24205000
18
1&
#24210000
08
0&
#24215000
18
1&
#24220000
08
0&
#24225000
18
1&
#24230000
08
0&
#24235000
18
1&
#24236000
10
b11011110101011011011111011101111 1
#24240000
08
0&
#24245000
18
1&
#24246000
0+
0,
00
b0 1
#24250000
08
0&
#24255000
18
1&
#24256000
b111010110100 (
b110 )
1+
#24260000
08
0&
#24265000
18
1&
#24266000
1,
#24270000
08
0&
#24275000
18
1&
#24276000
0'
0+
0,
#24280000
08
0&
#24285000
18
1&
#24286000
1'
#24290000
08
0&
#24295000
18
1&
#24296000
b101100000 (
1-
b10 )
b10101111001001001100101001110001 .
b1101 /
1+
#24300000
08
0&
#24305000
18
1&
#24306000
1,
#24310000
08
0&
#24315000
18
1&
#24320000
08
0&
#24325000
18
1&
#24326000
10
#24330000
08
0&
#24335000
18
1&
#24336000
0+
0,
00
#24340000
08
0&
#24345000
18
1&
#24350000
08
0&
#24355000
18
1&
#24360000
08
0&
#24365000
18
1&
#24370000
08
0&
#24375000
18
1&
#24376000
b100110010100 (
0-
b111 )
b0 .
b0 /
1+
#24380000
08
0&
#24385000
18
1&
#24386000
1,
#24390000
08
0&
#24395000
18
1&
#24400000
08
0&
#24405000
18
1&
#24410000
08
0&
#24415000
18
1&
#24420000
08
0&
#24425000
18
1&
#24430000
08
0&
#24435000
18
1&
#24436000
10
b10010110000000000000000000000000 1
#24440000
08
0&
#24445000
18
1&
#24446000
0+
0,
00
b0 1
#24450000
08
0&
#24455000
18
1&
#24460000
08
0&
#24465000
18
1&
#24470000
08
0&
#24475000
18
1&
#24480000
08
0&
#24485000
18
1&
#24486000
b100111100000 (
b11 )
1+
#24490000
08
0&
#24495000
0'
18
1&
0+
#24500000
08
0&
#24505000
18
1&
#24510000
08
0&
#24515000
1'
18
1&
#24520000
08
0&
#24525000
18
1&
#24526000
b110001101100 (
b0 )
1+
#24530000
08
0&
#24535000
18
1&
#24536000
1,
#24540000
08
0&
#24545000
18
1&
#24550000
08
0&
#24555000
18
1&
#24556000
10
b11011110101011011011111011101111 1
#24560000
08
0&
#24565000
18
1&
#24566000
0+
0,
00
b0 1
#24570000
08
0&
#24575000
18
1&
#24576000
b110111000100 (
1+
#24580000
08
0&
#24585000
18
1&
#24586000
1,
#24590000
08
0&
#24595000
18
1&
#24600000
08
0&
#24605000
18
1&
#24610000
08
0&
#24615000
18
1&
#24616000
10
b11001100000000000101010 1
#24620000
08
0&
#24625000
18
1&
#24626000
0+
0,
00
b0 1
#24630000
08
0&
#24635000
18
1&
#24640000
08
0&
#24645000
18
1&
#24650000
08
0&
#24655000
18
1&
#24656000
b111000000 (
1-
b111 )
b1111110000000010001111110010100 .
b1110 /
1+
#24660000
08
0&
#24665000
18
1&
#24666000
1,
#24670000
08
0&
#24675000
18
1&
#24680000
08
0&
#24685000
18
1&
#24690000
08
0&
#24695000
18
1&
#24700000
08
0&
#24705000
18
1&
#24710000
08
0&
#24715000
18
1&
#24716000
10
#24720000
08
0&
#24725000
18
1&
#24726000
0+
0,
00
#24730000
08
0&
#24735000
18
1&
#24739000
0'
#24740000
08
0&
#24745000
18
1&
#24750000
08
0&
#24754000
1'
#24755000
18
1&
#24756000
b10100111000 (
0-
b0 )
b0 .
b0 /
1+
#24760000
08
0&
#24765000
18
1&
#24766000
1,
#24770000
08
0&
#24775000
18
1&
#24780000
08
0&
#24785000
18
1&
#24790000
08
0&
#24795000
18
1&
#24800000
08
0&
#24805000
18
1&
#24810000
08
0&
#24815000
18
1&
#24816000
10
b11011110101011011011111011101111 1
#24820000
08
0&
#24825000
18
1&
#24826000
0+
0,
00
b0 1
#24830000
08
0&
#24835000
18
1&
#24840000
08
0&
#24845000
18
1&
#24846000
b111010001000 (
1-
b111 )
b11001111000000100110110101110111 .
b1010 /
1+
#24850000
08
0&
#24855000
18
1&
#24856000
1,
#24860000
08
0&
#24865000
18
1&
#24870000
08
0&
#24875000
18
1&
#24880000
08
0&
#24885000
18
1&
#24890000
08
0&
#24895000
18
1&
#24900000
08
0&
#24905000
18
1&
#24906000
10
#24910000
08
0&
#24915000
18
1&
#24916000
0+
0,
00
#24920000
08
0&
#24925000
18
1&
#24930000
08
0&
#24935000
18
1&
#24936000
b1110010100 (
0-
b0 .
b0 /
1+
#24940000
08
0&
#24945000
18
1&
#24946000
1,
#24950000
08
0&
#24955000
18
1&
#24960000
08
0&
#24965000
18
1&
#24970000
08
0&
#24975000
18
1&
#24980000
08
0&
#24985000
18
1&
#24986000
10
b1010001001111100 1
#24990000
08
0&
#24992000
0'
00
b0 1
0+
0,
#24995000
18
1&
#25000000
08
0&
#25002000
1'
#25005000
18
1&
#25010000
08
0&
#25015000
18
1&
#25016000
b110000101100 (
b11 )
1+
#25020000
08
0&
#25025000
18
1&
#25026000
1,
#25030000
08
0&
#25035000
18
1&
#25040000
08
0&
#25045000
18
1&
#25050000
08
0&
#25055000
18
1&
#25060000
08
0&
#25065000
18
1&
#25070000
08
0&
#25075000
18
1&
#25076000
10
b11011110101011011011111011101111 1
#25080000
08
0&
#25085000
18
1&
#25086000
0+
0,
00
b0 1
#25090000
08
0&
#25095000
18
1&
#25100000
08
0&
#25105000
18
1&
#25106000
b100110111100 (
1-
b1110011001001100110001110101010 .
b1000 /
1+
#25110000
08
0&
#25115000
18
1&
#25116000
1,
#25120000
08
0&
#25125000
18
1&
#25130000
08
0&
#25135000
18
1&
#25140000
08
0&
#25145000
18
1&
#25150000
08
0&
#25155000
18
1&
#25160000
08
0&
#25165000
18
1&
#25170000
08
0&
#25175000
18
1&
#25176000
10
#25180000
08
0&
#25185000
18
1&
#25186000
0+
0,
00
#25190000
08
0&
#25195000
18
1&
#25200000
08
0&
#25205000
18
1&
#25206000
b101010000 (
b111 )
b11101111010111110111011100100101 .
b11 /
1+
#25210000
08
0&
#25215000
18
1&
#25216000
1,
#25220000
08
0&
#25225000
18
1&
#25230000
08
0&
#25235000
18
1&
#25236000
10
#25240000
08
0&
#25245000
18
1&
#25246000
0+
0,
00
#25250000
08
0&
#25251000
0'
#25255000
18
1&
#25260000
08
0&
#25261000
1'
#25265000
18
1&
#25270000
08
0&
#25275000
18
1&
#25276000
b101110000000 (
0-
b1 )
b0 .
b0 /
1+
#25280000
08
0&
#25285000
18
1&
#25286000
1,
#25290000
08
0&
#25295000
18
1&
#25300000
08
0&
#25305000
18
1&
#25310000
08
0&
#25315000
18
1&
#25320000
08
0&
#25325000
0'
18
1&
0+
0,
#25330000
08
0&
#25335000
18
1&
#25340000
08
0&
#25345000
1'
18
1&
#25346000
b101001110000 (
1-
b110 )
b11001100100111110110101100010011 .
b111 /
1+
#25350000
08
0&
#25355000
18
1&
#25356000
1,
#25360000
08
0&
#25365000
18
1&
#25370000
08
0&
#25375000
18
1&
#25376000
10
#25380000
08
0&
#25385000
18
1&
#25386000
0+
0,
00
#25390000
08
0&
#25395000
18
1&
#25400000
08
0&
#25405000
18
1&
#25406000
b100100100 (
0-
b100 )
b0 .
b0 /
1+
#25410000
08
0&
#25415000
18
1&
#25416000
1,
#25420000
08
0&
#25425000
18
1&
#25430000
08
0&
#25435000
18
1&
#25440000
08
0&
#25445000
18
1&
#25450000
08
0&
#25455000
18
1&
#25458000
0'
0+
0,
#25460000
08
0&
#25465000
18
1&
#25468000
1'
#25470000
08
0&
#25475000
18
1&
#25480000
08
0&
#25485000
18
1&
#25486000
b110011001100 (
b10 )
1+
#25490000
08
0&
#25495000
18
1&
#25496000
1,
#25500000
08
0&
#25505000
18
1&
#25510000
08
0&
#25515000
18
1&
#25520000
08
0&
#25525000
18
1&
#25530000
08
0&
#25535000
18
1&
#25536000
10
b11011110101011011011111011101111 1
#25540000
08
0&
#25545000
18
1&
#25546000
0+
0,
00
b0 1
#25550000
08
0&
#25555000
18
1&
#25560000
08
0&
#25565000
18
1&
#25570000
08
0&
#25575000
18
1&
#25576000
b11101100100 (
1-
b1 )
b1110000101011000110011100000100 .
b110 /
1+
#25580000
0'
08
0&
0+
#25585000
18
1&
#25590000
08
0&
#25595000
18
1&
#25600000
1'
08
0&
#25605000
18
1&
#25610000
08
0&
#25615000
18
1&
#25620000
08
0&
#25625000
18
1&
#25630000
08
0&
#25635000
18
1&
#25636000
b11000010000 (
0-
b100 )
b0 .
b0 /
1+
#25640000
08
0&
#25645000
18
1&
#25646000
1,
#25650000
08
0&
#25655000
18
1&
#25660000
08
0&
#25665000
18
1&
#25666000
10
b11011110101011011011111011101111 1
#25670000
08
0&
#25675000
18
1&
#25676000
0+
0,
00
b0 1
#25680000
08
0&
#25685000
18
1&
#25686000
b10111101000 (
1-
b11111100111001110101011111111001 .
b1100 /
1+
#25690000
08
0&
#25695000
18
1&
#25696000
1,
#25700000
08
0&
#25705000
18
1&
#25710000
08
0&
#25715000
18
1&
#25720000
08
0&
#25725000
18
1&
#25726000
10
#25730000
08
0&
#25735000
18
1&
#25736000
0+
0,
00
#25740000
08
0&
#25745000
18
1&
#25750000
08
0&
#25752000
0'
#25755000
18
1&
#25760000
08
0&
#25762000
1'
#25765000
18
1&
#25766000
b10001101000 (
b0 )
b11010000100100111101100010010011 .
1+
#25770000
08
0&
#25775000
18
1&
#25776000
1,
#25780000
08
0&
#25785000
18
1&
#25790000
08
0&
#25795000
18
1&
#25796000
10
#25800000
08
0&
#25805000
18
1&
#25806000
0+
0,
00
#25810000
08
0&
#25815000
18
1&
#25820000
08
0&
#25825000
18
1&
#25830000
08
0&
#25835000
18
1&
#25836000
b111001010100 (
0-
b110 )
b0 .
b0 /
1+
#25840000
08
0&
#25845000
18
1&
#25846000
1,
#25850000
08
0&
#25855000
18
1&
#25860000
08
0&
#25865000
18
1&
#25870000
08
0&
#25875000
18
1&
#25880000
08
0&
#25885000
18
1&
#25890000
08
0&
#25895000
18
1&
#25896000
10
b11011110101011011011111011101111 1
#25900000
08
0&
#25905000
18
1&
#25906000
0+
0,
00
b0 1
#25910000
08
0&
#25915000
0'
18
1&
#25920000
08
0&
#25925000
18
1&
#25930000
1'
08
0&
#25935000
18
1&
#25940000
08
0&
#25945000
18
1&
#25946000
b11110011000 (
b111 )
1+
#25950000
08
0&
#25955000
18
1&
#25956000
1,
#25960000
08
0&
#25965000
18
1&
#25970000
08
0&
#25975000
18
1&
#25980000
08
0&
#25985000
18
1&
#25990000
08
0&
#25995000
18
1&
#26000000
08
0&
#26005000
18
1&
#26006000
10
b11011110101011011011111011101111 1
#26010000
08
0&
#26015000
18
1&
#26016000
0+
0,
00
b0 1
#26020000
08
0&
#26025000
18
1&
#26030000
08
0&
#26035000
18
1&
#26040000
08
0&
#26045000
18
1&
#26046000
b101000101000 (
b1 )
1+
#26050000
08
0&
#26055000
18
1&
#26056000
1,
#26060000
08
0&
#26065000
18
1&
#26070000
08
0&
#26075000
18
1&
#26080000
08
0&
#26085000
18
1&
#26088000
0'
0+
0,
#26090000
08
0&
#26095000
18
1&
#26100000
08
0&
#26105000
18
1&
#26110000
08
0&
#26113000
1'
#26115000
18
1&
#26120000
08
0&
#26125000
18
1&
#26130000
08
0&
#26135000
18
1&
#26136000
b11100000 (
1-
b110 )
b1100000111011010010001110111111 .
b111 /
1+
#26140000
08
0&
#26145000
18
1&
#26146000
1,
#26150000
08
0&
#26155000
18
1&
#26160000
08
0&
#26165000
18
1&
#26166000
10
#26170000
08
0&
#26175000
18
1&
#26176000
0+
0,
00
#26180000
08
0&
#26185000
18
1&
#26186000
b10111000100 (
b111 )
b1111101100010000010001100110000 .
b10 /
1+
#26190000
08
0&
#26195000
18
1&
#26196000
0'
0+
1,
#26200000
08
0&
#26205000
18
1&
#26210000
08
0&
#26215000
18
1&
#26216000
1'
#26220000
08
0&
#26225000
18
1&
#26230000
08
0&
#26235000
18
1&
#26240000
08
0&
#26245000
18
1&
#26250000
08
0&
#26255000
18
1&
#26256000
b100001101000 (
0-
b10 )
b0 .
b0 /
1+
0,
#26260000
08
0&
#26265000
18
1&
#26266000
1,
#26270000
08
0&
#26275000
18
1&
#26280000
08
0&
#26285000
18
1&
#26290000
08
0&
#26295000
18
1&
#26296000
10
b11011110101011011011111011101111 1
#26300000
08
0&
#26305000
18
1&
#26306000
0+
0,
00
b0 1
#26310000
08
0&
#26315000
18
1&
#26316000
b1111010100 (
b100 )
1+
#26320000
08
0&
#26325000
18
1&
#26326000
1,
#26330000
08
0&
#26335000
18
1&
#26337000
0'
0+
0,
#26340000
08
0&
#26345000
18
1&
#26350000
08
0&
#26355000
18
1&
#26357000
1'
#26360000
08
0&
#26365000
18
1&
#26370000
08
0&
#26375000
18
1&
#26376000
b1101000100 (
b101 )
1+
#26380000
08
0&
#26385000
18
1&
#26386000
1,
#26390000
08
0&
#26395000
18
1&
#26400000
08
0&
#26405000
18
1&
#26406000
10
b11011110101011011011111011101111 1
#26410000
08
0&
#26415000
18
1&
#26416000
0+
0,
00
b0 1
#26420000
08
0&
#26425000
18
1&
#26430000
08
0&
#26435000
18
1&
#26440000
08
0&
#26445000
18
1&
#26450000
08
0&
#26455000
18
1&
#26456000
b111111011000 (
b100 )
1+
#26460000
08
0&
#26465000
18
1&
#26466000
1,
#26470000
08
0&
#26475000
18
1&
#26480000
08
0&
#26485000
18
1&
#26490000
08
0&
#26495000
18
1&
#26496000
10
b11011110101011011011111011101111 1
#26500000
08
0&
#26505000
18
1&
#26506000
0+
0,
00
b0 1
#26510000
08
0&
#26515000
18
1&
#26520000
08
0&
#26525000
18
1&
#26530000
08
0&
#26535000
18
1&
#26536000
b10011101100 (
1-
b1 )
b1011010000011000111000001111011 .
b11 /
1+
#26540000
08
0&
#26545000
18
1&
#26546000
1,
#26550000
08
0&
#26555000
18
1&
#26560000
08
0&
#26565000
18
1&
#26570000
0'
08
0&
0+
0,
#26575000
18
1&
#26580000
08
0&
#26585000
18
1&
#26590000
08
0&
#26595000
1'
18
1&
#26600000
08
0&
#26605000
18
1&
#26606000
b10110110000 (
0-
b0 .
b0 /
1+
#26610000
08
0&
#26615000
18
1&
#26616000
1,
#26620000
08
0&
#26625000
18
1&
#26630000
08
0&
#26635000
18
1&
#26640000
08
0&
#26645000
18
1&
#26646000
10
b11011110101011011011111011101111 1
#26650000
08
0&
#26655000
18
1&
#26656000
0+
0,
00
b0 1
#26660000
08
0&
#26665000
0'
18
1&
#26670000
08
0&
#26675000
18
1&
#26680000
08
0&
#26685000
1'
18
1&
#26690000
08
0&
#26695000
18
1&
#26700000
08
0&
#26705000
18
1&
#26706000
b101110001000 (
b111 )
1+
#26710000
08
0&
#26715000
18
1&
#26716000
1,
#26720000
08
0&
#26725000
18
1&
#26730000
08
0&
#26735000
18
1&
#26740000
08
0&
#26745000
18
1&
#26746000
10
b11011110101011011011111011101111 1
#26750000
08
0&
#26755000
18
1&
#26756000
0+
0,
00
b0 1
#26760000
08
0&
#26765000
18
1&
#26770000
08
0&
#26775000
18
1&
#26780000
08
0&
#26785000
18
1&
#26790000
08
0&
#26795000
18
1&
#26796000
b100110000 (
1-
b100 )
b10110100110110101011111101001011 .
b1 /
1+
#26800000
08
0&
#26805000
18
1&
#26806000
1,
#26810000
08
0&
#26815000
18
1&
#26820000
08
0&
#26825000
18
1&
#26830000
08
0&
#26835000
18
1&
#26840000
08
0&
#26845000
0'
18
1&
0+
0,
#26850000
08
0&
#26855000
18
1&
#26860000
1'
08
0&
#26865000
18
1&
#26866000
b101100101100 (
0-
b110 )
b0 .
b0 /
1+
#26870000
08
0&
#26875000
18
1&
#26876000
1,
#26880000
08
0&
#26885000
18
1&
#26890000
08
0&
#26895000
18
1&
#26900000
08
0&
#26905000
18
1&
#26906000
10
b11011110101011011011111011101111 1
#26910000
08
0&
#26915000
18
1&
#26916000
0+
0,
00
b0 1
#26919000
0'
#26920000
08
0&
#26925000
18
1&
#26930000
08
0&
#26935000
18
1&
#26940000
08
0&
#26944000
1'
#26945000
18
1&
#26946000
b11100010000 (
1-
b1011011000110111111100100001101 .
b100 /
1+
#26950000
08
0&
#26955000
18
1&
#26956000
1,
#26960000
08
0&
#26965000
18
1&
#26970000
08
0&
#26975000
18
1&
#26976000
10
#26980000
08
0&
#26985000
18
1&
#26986000
0+
0,
00
#26990000
08
0&
#26995000
18
1&
#27000000
08
0&
#27005000
18
1&
#27006000
b111001001100 (
0-
b0 .
b0 /
1+
#27010000
08
0&
#27015000
18
1&
#27016000
1,
#27020000
08
0&
#27025000
18
1&
#27030000
08
0&
#27035000
18
1&
#27040000
08
0&
#27045000
18
1&
#27050000
08
0&
#27055000
18
1&
#27060000
08
0&
#27065000
18
1&
#27066000
10
b11011110101011011011111011101111 1
#27070000
08
0&
#27075000
18
1&
#27076000
0+
0,
00
b0 1
#27080000
08
0&
#27085000
18
1&
#27090000
08
0&
#27095000
18
1&
#27096000
b100000000000 (
1-
b10101101101110111011101000111110 .
b1111 /
1+
#27100000
08
0&
#27105000
18
1&
#27106000
1,
#27110000
08
0&
#27115000
18
1&
#27120000
08
0&
#27125000
18
1&
#27130000
08
0&
#27135000
18
1&
#27140000
08
0&
#27145000
18
1&
#27148000
0'
0+
0,
#27150000
08
0&
#27155000
18
1&
#27158000
1'
#27160000
08
0&
#27165000
18
1&
#27170000
08
0&
#27175000
18
1&
#27180000
08
0&
#27185000
18
1&
#27190000
08
0&
#27195000
18
1&
#27196000
b110110110100 (
0-
b0 )
b0 .
b0 /
1+
#27200000
08
0&
#27205000
18
1&
#27206000
1,
#27210000
08
0&
#27215000
18
1&
#27220000
08
0&
#27225000
0'
18
1&
0+
0,
#27230000
08
0&
#27235000
1'
18
1&
#27240000
08
0&
#27245000
18
1&
#27250000
08
0&
#27255000
18
1&
#27260000
08
0&
#27265000
18
1&
#27266000
b110010111100 (
1-
b10 )
b10011111110000100010100111110101 .
b110 /
1+
#27270000
08
0&
#27275000
18
1&
#27276000
1,
#27280000
08
0&
#27285000
18
1&
#27290000
08
0&
#27295000
18
1&
#27296000
10
#27300000
08
0&
#27305000
18
1&
#27306000
0+
0,
00
#27310000
08
0&
#27315000
18
1&
#27320000
08
0&
#27325000
18
1&
#27326000
b101000100100 (
0-
b100 )
b0 .
b0 /
1+
#27330000
08
0&
#27335000
18
1&
#27336000
1,
#27340000
08
0&
#27345000
18
1&
#27350000
08
0&
#27355000
18
1&
#27360000
08
0&
#27365000
18
1&
#27370000
08
0&
#27375000
18
1&
#27380000
08
0&
#27385000
18
1&
#27390000
08
0&
#27395000
18
1&
#27396000
10
b11011110101011011011111011101111 1
#27400000
08
0&
#27405000
18
1&
#27406000
0+
0,
00
b0 1
#27410000
08
0&
#27415000
18
1&
#27420000
08
0&
#27425000
18
1&
#27430000
08
0&
#27435000
18
1&
#27440000
08
0&
#27445000
18
1&
#27446000
b101101100100 (
b10 )
1+
#27450000
08
0&
#27455000
18
1&
#27456000
1,
#27460000
08
0&
#27465000
18
1&
#27470000
08
0&
#27475000
18
1&
#27480000
08
0&
#27483000
0'
0+
0,
#27485000
18
1&
#27490000
08
0&
#27493000
1'
#27495000
18
1&
#27496000
b100011100 (
b101 )
1+
#27500000
08
0&
#27505000
18
1&
#27506000
1,
#27510000
08
0&
#27515000
18
1&
#27520000
08
0&
#27525000
18
1&
#27530000
08
0&
#27535000
18
1&
#27536000
10
b11011110101011011011111011101111 1
#27540000
08
0&
#27545000
18
1&
#27546000
0+
0,
00
b0 1
#27550000
08
0&
#27555000
18
1&
#27560000
08
0&
#27565000
18
1&
#27570000
08
0&
#27575000
18
1&
#27576000
b1110100100 (
1-
b111 )
b1100101111011111001111111110110 .
b11 /
1+
#27580000
08
0&
#27585000
18
1&
#27586000
1,
#27590000
08
0&
#27595000
18
1&
#27600000
08
0&
#27605000
18
1&
#27610000
08
0&
#27615000
18
1&
#27620000
08
0&
#27625000
18
1&
#27630000
08
0&
#27635000
18
1&
#27640000
08
0&
#27645000
18
1&
#27646000
10
#27650000
08
0&
#27655000
18
1&
#27656000
0+
0,
00
#27660000
08
0&
#27665000
0'
18
1&
#27670000
08
0&
#27675000
18
1&
#27680000
1'
08
0&
#27685000
18
1&
#27690000
08
0&
#27695000
18
1&
#27700000
08
0&
#27705000
18
1&
#27706000
b11110110000 (
0-
b100 )
b0 .
b0 /
1+
#27710000
08
0&
#27715000
18
1&
#27716000
1,
#27720000
08
0&
#27725000
18
1&
#27730000
08
0&
#27735000
18
1&
#27740000
08
0&
#27745000
18
1&
#27750000
08
0&
#27755000
18
1&
#27760000
08
0&
#27765000
18
1&
#27766000
10
b11011110101011011011111011101111 1
#27770000
08
0&
#27775000
18
1&
#27776000
0+
0,
00
b0 1
#27780000
08
0&
#27785000
18
1&
#27790000
08
0&
#27795000
18
1&
#27796000
b101100001000 (
b0 )
1+
#27800000
08
0&
#27805000
18
1&
#27806000
1,
#27810000
08
0&
#27815000
18
1&
#27820000
08
0&
#27825000
18
1&
#27830000
08
0&
#27835000
18
1&
#27840000
08
0&
#27845000
18
1&
#27850000
08
0&
#27855000
18
1&
#27860000
08
0&
#27865000
18
1&
#27866000
10
b11011110101011011011111011101111 1
#27870000
08
0&
#27875000
18
1&
#27876000
0+
0,
00
b0 1
#27880000
08
0&
#27885000
18
1&
#27886000
b10111010100 (
1-
b1 )
b11111100101011011110001001000011 .
b101 /
1+
#27890000
08
0&
#27895000
18
1&
#27896000
1,
#27900000
08
0&
#27905000
18
1&
#27910000
08
0&
#27915000
18
1&
#27916000
0'
0+
0,
#27920000
08
0&
#27925000
18
1&
#27930000
08
0&
#27931000
1'
#27935000
18
1&
#27936000
b111110010000 (
b111 )
b11110000010111000101110001111000 .
b1101 /
1+
#27940000
08
0&
#27945000
18
1&
#27946000
1,
#27950000
08
0&
#27955000
18
1&
#27960000
08
0&
#27965000
18
1&
#27970000
08
0&
#27975000
18
1&
#27976000
10
#27980000
08
0&
#27985000
18
1&
#27986000
0+
0,
00
#27990000
08
0&
#27995000
18
1&
#28000000
08
0&
#28005000
18
1&
#28010000
08
0&
#28015000
18
1&
#28016000
b100011011000 (
0-
b11 )
b0 .
b0 /
1+
#28020000
08
0&
#28025000
18
1&
#28026000
1,
#28030000
08
0&
#28035000
18
1&
#28040000
08
0&
#28045000
18
1&
#28047000
0'
0+
0,
#28050000
08
0&
#28055000
18
1&
#28060000
08
0&
#28062000
1'
#28065000
18
1&
#28070000
08
0&
#28075000
18
1&
#28076000
b10110010000 (
1+
#28080000
08
0&
#28085000
18
1&
#28086000
1,
#28090000
08
0&
#28095000
18
1&
#28100000
08
0&
#28105000
18
1&
#28110000
08
0&
#28115000
18
1&
#28120000
08
0&
#28125000
18
1&
#28130000
08
0&
#28135000
18
1&
#28136000
10
b11011110101011011011111011101111 1
#28140000
08
0&
#28145000
18
1&
#28146000
0+
0,
00
b0 1
#28150000
08
0&
#28155000
18
1&
#28160000
08
0&
#28165000
18
1&
#28170000
08
0&
#28175000
18
1&
#28180000
08
0&
#28185000
18
1&
#28186000
b101000101100 (
1-
b1 )
b1010010000110101001010011100011 .
b1010 /
1+
#28190000
08
0&
#28195000
18
1&
#28196000
1,
#28200000
08
0&
#28205000
18
1&
#28210000
08
0&
#28215000
18
1&
#28220000
08
0&
#28225000
18
1&
#28226000
10
#28230000
08
0&
#28231000
0'
00
0+
0,
#28235000
18
1&
#28240000
08
0&
#28245000
18
1&
#28250000
08
0&
#28255000
18
1&
#28256000
1'
#28260000
08
0&
#28265000
18
1&
#28266000
b10011110100 (
b111 )
b111001100001110111010101100 .
b1110 /
1+
#28270000
08
0&
#28275000
18
1&
#28276000
1,
#28280000
08
0&
#28285000
18
1&
#28290000
08
0&
#28295000
18
1&
#28300000
08
0&
#28305000
18
1&
#28310000
08
0&
#28312000
0'
0+
0,
#28315000
18
1&
#28320000
08
0&
#28325000
18
1&
#28330000
08
0&
#28335000
18
1&
#28337000
1'
#28340000
08
0&
#28345000
18
1&
#28350000
08
0&
#28355000
18
1&
#28356000
b1001100 (
0-
b0 .
b0 /
1+
#28360000
08
0&
#28365000
18
1&
#28366000
1,
#28370000
08
0&
#28375000
18
1&
#28380000
08
0&
#28385000
18
1&
#28390000
08
0&
#28395000
18
1&
#28400000
08
0&
#28405000
18
1&
#28410000
08
0&
#28415000
18
1&
#28416000
10
b11011110101011011011111011101111 1
#28420000
08
0&
#28425000
18
1&
#28426000
0+
0,
00
b0 1
#28430000
08
0&
#28435000
18
1&
#28440000
08
0&
#28445000
18
1&
#28446000
b101000101000 (
b101 )
1+
#28450000
08
0&
#28455000
18
1&
#28456000
1,
#28460000
08
0&
#28465000
18
1&
#28470000
08
0&
#28475000
18
1&
#28480000
08
0&
#28485000
18
1&
#28490000
08
0&
#28495000
18
1&
#28500000
08
0&
#28505000
18
1&
#28506000
10
b11011110101011011011111011101111 1
#28510000
08
0&
#28515000
18
1&
#28516000
0+
0,
00
b0 1
#28520000
08
0&
#28525000
18
1&
#28530000
08
0&
#28535000
18
1&
#28540000
08
0&
#28545000
18
1&
#28546000
0'
#28550000
08
0&
#28555000
18
1&
#28556000
1'
#28560000
08
0&
#28565000
18
1&
#28570000
08
0&
#28575000
18
1&
#28580000
08
0&
#28585000
18
1&
#28590000
08
0&
#28595000
18
1&
#28596000
b11101111100 (
b110 )
1+
#28600000
08
0&
#28605000
18
1&
#28606000
1,
#28610000
08
0&
#28615000
18
1&
#28620000
08
0&
#28625000
18
1&
#28630000
08
0&
#28635000
18
1&
#28640000
08
0&
#28645000
18
1&
#28650000
08
0&
#28655000
18
1&
#28660000
08
0&
#28665000
18
1&
#28666000
10
b11011110101011011011111011101111 1
#28670000
08
0&
#28675000
18
1&
#28676000
0+
0,
00
b0 1
#28680000
08
0&
#28685000
18
1&
#28686000
b11101101100 (
1-
b10 )
b10100111010111100000010001110000 .
b1 /
1+
#28690000
08
0&
#28695000
18
1&
#28696000
1,
#28700000
08
0&
#28705000
18
1&
#28710000
08
0&
#28715000
18
1&
#28720000
08
0&
#28725000
18
1&
#28730000
08
0&
#28735000
18
1&
#28736000
10
#28740000
08
0&
#28745000
18
1&
#28746000
0+
0,
00
#28750000
08
0&
#28755000
18
1&
#28756000
b111010111100 (
0-
b111 )
b0 .
b0 /
1+
#28757000
0'
0+
#28760000
08
0&
#28765000
18
1&
#28770000
08
0&
#28772000
1'
#28775000
18
1&
#28780000
08
0&
#28785000
18
1&
#28790000
08
0&
#28795000
18
1&
#28800000
08
0&
#28805000
18
1&
#28806000
b100000000 (
b1 )
1+
#28810000
08
0&
#28815000
18
1&
#28816000
1,
#28820000
08
0&
#28825000
18
1&
#28830000
08
0&
#28835000
18
1&
#28840000
08
0&
#28845000
18
1&
#28850000
08
0&
#28855000
18
1&
#28856000
10
b11011110101011011011111011101111 1
#28860000
08
0&
#28865000
18
1&
#28866000
0+
0,
00
b0 1
#28870000
08
0&
#28875000
18
1&
#28880000
08
0&
#28885000
18
1&
#28886000
b1101100100 (
b101 )
1+
#28890000
08
0&
#28893000
0'
0+
#28895000
18
1&
#28900000
08
0&
#28905000
18
1&
#28910000
08
0&
#28913000
1'
#28915000
18
1&
#28920000
08
0&
#28925000
18
1&
#28926000
b1000110000 (
1-
b0 )
b110100011000010101101111100000 .
b11 /
1+
#28930000
08
0&
#28935000
18
1&
#28936000
1,
#28940000
08
0&
#28945000
18
1&
#28950000
08
0&
#28955000
18
1&
#28960000
08
0&
#28965000
18
1&
#28966000
0'
0+
0,
10
#28970000
08
0&
#28975000
18
1&
#28980000
08
0&
#28981000
1'
#28985000
18
1&
#28990000
08
0&
#28995000
18
1&
#28996000
b11000111100 (
0-
b1 )
b0 .
b0 /
1+
#29000000
08
0&
#29005000
18
1&
#29006000
1,
#29010000
08
0&
#29015000
18
1&
#29016000
0+
0,
00
#29020000
08
0&
#29025000
18
1&
#29030000
08
0&
#29035000
18
1&
#29036000
b11110101100 (
1+
#29040000
08
0&
#29045000
18
1&
#29046000
1,
#29050000
08
0&
#29055000
18
1&
#29060000
08
0&
#29065000
18
1&
#29066000
10
b11011110101011011011111011101111 1
#29070000
08
0&
#29075000
18
1&
#29076000
0+
0,
00
b0 1
#29080000
08
0&
#29085000
18
1&
#29090000
08
0&
#29095000
18
1&
#29100000
08
0&
#29105000
18
1&
#29110000
08
0&
#29115000
18
1&
#29116000
b111101001000 (
1-
b10000010000110110010001000000010 .
b1000 /
1+
#29120000
08
0&
#29125000
18
1&
#29126000
1,
#29130000
08
0&
#29135000
18
1&
#29140000
08
0&
#29145000
18
1&
#29146000
10
#29150000
08
0&
#29155000
18
1&
#29156000
0+
0,
00
#29160000
08
0&
#29165000
18
1&
#29166000
b101000111100 (
0-
b111 )
b0 .
b0 /
1+
#29170000
08
0&
#29171000
0'
0+
#29175000
18
1&
#29180000
08
0&
#29181000
1'
#29185000
18
1&
#29186000
b11100111000 (
1-
b10 )
b1101101000011011000001101110010 .
b1001 /
1+
#29190000
08
0&
#29195000
18
1&
#29196000
1,
#29200000
08
0&
#29205000
18
1&
#29210000
08
0&
#29215000
18
1&
#29220000
08
0&
#29225000
18
1&
#29226000
10
#29230000
08
0&
#29235000
18
1&
#29236000
0+
0,
00
#29240000
08
0&
#29245000
18
1&
#29250000
08
0&
#29255000
18
1&
#29260000
08
0&
#29265000
18
1&
#29270000
08
0&
#29275000
18
1&
#29276000
b110110110100 (
0-
b101 )
b0 .
b0 /
1+
#29280000
08
0&
#29285000
18
1&
#29286000
1,
#29290000
08
0&
#29295000
18
1&
#29300000
08
0&
#29305000
18
1&
#29310000
08
0&
#29315000
18
1&
#29320000
08
0&
#29325000
0'
18
1&
0+
0,
#29330000
08
0&
#29335000
18
1&
#29340000
08
0&
#29345000
18
1&
#29350000
1'
08
0&
#29355000
18
1&
#29360000
08
0&
#29365000
18
1&
#29370000
08
0&
#29375000
18
1&
#29380000
08
0&
#29385000
18
1&
#29386000
b11010010000 (
1-
b1 )
b11000100000101001101000011001101 .
b111 /
1+
#29390000
08
0&
#29395000
18
1&
#29396000
1,
#29400000
08
0&
#29405000
18
1&
#29410000
08
0&
#29413000
0'
0+
0,
#29415000
18
1&
#29420000
08
0&
#29425000
18
1&
#29430000
08
0&
#29433000
1'
#29435000
18
1&
#29436000
b10100101000 (
0-
b101 )
b0 .
b0 /
1+
#29440000
08
0&
#29445000
18
1&
#29446000
1,
#29450000
08
0&
#29455000
18
1&
#29460000
08
0&
#29465000
18
1&
#29470000
08
0&
#29475000
18
1&
#29480000
08
0&
#29485000
18
1&
#29490000
08
0&
#29495000
18
1&
#29496000
10
b11011110101011011011111011101111 1
#29500000
08
0&
#29505000
18
1&
#29506000
0+
0,
00
b0 1
#29510000
08
0&
#29515000
18
1&
#29520000
08
0&
#29525000
18
1&
#29530000
08
0&
#29535000
18
1&
#29540000
08
0&
#29545000
18
1&
#29546000
b11000101100 (
b0 )
1+
#29550000
08
0&
#29555000
18
1&
#29556000
1,
#29560000
08
0&
#29565000
18
1&
#29570000
08
0&
#29575000
18
1&
#29580000
08
0&
#29585000
18
1&
#29590000
08
0&
#29594000
0'
0+
0,
#29595000
18
1&
#29600000
08
0&
#29605000
18
1&
#29610000
08
0&
#29615000
18
1&
#29619000
1'
#29620000
08
0&
#29625000
18
1&
#29630000
08
0&
#29635000
18
1&
#29640000
08
0&
#29645000
18
1&
#29646000
b110010110100 (
1-
b10100110010001111011011110100 .
b1000 /
1+
#29650000
08
0&
#29655000
18
1&
#29656000
1,
#29660000
08
0&
#29665000
18
1&
#29670000
08
0&
#29675000
18
1&
#29676000
10
#29680000
08
0&
#29685000
18
1&
#29686000
0+
0,
00
#29690000
08
0&
#29695000
18
1&
#29696000
b101111001100 (
b1 )
b1011010010000000010001011001101 .
b1001 /
1+
#29700000
08
0&
#29705000
18
1&
#29706000
1,
#29710000
08
0&
#29715000
18
1&
#29720000
08
0&
#29725000
18
1&
#29726000
10
#29730000
08
0&
#29735000
18
1&
#29736000
0+
0,
00
#29740000
08
0&
#29745000
18
1&
#29750000
08
0&
#29755000
18
1&
#29756000
b100111000100 (
0-
b111 )
b0 .
b0 /
1+
#29760000
08
0&
#29765000
18
1&
#29766000
1,
#29770000
08
0&
#29775000
18
1&
#29780000
08
0&
#29785000
18
1&
#29790000
08
0&
#29794000
0'
0+
0,
#29795000
18
1&
#29800000
08
0&
#29805000
18
1&
#29810000
08
0&
#29815000
18
1&
#29819000
1'
#29820000
08
0&
#29825000
18
1&
#29830000
08
0&
#29835000
18
1&
#29840000
08
0&
#29845000
18
1&
#29846000
b110011010000 (
b10 )
1+
#29850000
08
0&
#29855000
18
1&
#29856000
1,
#29860000
08
0&
#29865000
18
1&
#29870000
08
0&
#29875000
18
1&
#29880000
08
0&
#29885000
18
1&
#29890000
08
0&
#29894000
0'
0+
0,
#29895000
18
1&
#29900000
08
0&
#29905000
18
1&
#29910000
08
0&
#29915000
18
1&
#29919000
1'
#29920000
08
0&
#29925000
18
1&
#29930000
08
0&
#29935000
18
1&
#29940000
08
0&
#29945000
18
1&
#29946000
b10100110000 (
1-
b1100101111000111011101111111101 .
b111 /
1+
#29950000
08
0&
#29955000
18
1&
#29956000
1,
#29960000
08
0&
#29965000
18
1&
#29970000
08
0&
#29975000
18
1&
#29980000
08
0&
#29985000
18
1&
#29990000
08
0&
#29995000
18
1&
#30000000
08
0&
#30005000
18
1&
#30010000
08
0&
#30015000
18
1&
#30016000
10
#30020000
08
0&
#30025000
18
1&
#30026000
0+
0,
00
#30030000
08
0&
#30035000
18
1&
#30040000
08
0&
#30045000
18
1&
#30046000
b111000101000 (
0-
b111 )
b0 .
b0 /
1+
#30050000
08
0&
#30055000
18
1&
#30056000
1,
#30060000
08
0&
#30065000
18
1&
#30070000
08
0&
#30075000
18
1&
#30076000
10
b11011110101011011011111011101111 1
#30080000
08
0&
#30084000
0'
00
b0 1
0+
0,
#30085000
18
1&
#30090000
08
0&
#30095000
18
1&
#30100000
08
0&
#30105000
18
1&
#30109000
1'
#30110000
08
0&
#30115000
18
1&
#30116000
b111100010100 (
b100 )
1+
#30120000
08
0&
#30125000
18
1&
#30126000
1,
#30130000
08
0&
#30135000
18
1&
#30140000
08
0&
#30145000
18
1&
#30150000
08
0&
#30155000
18
1&
#30160000
08
0&
#30165000
18
1&
#30170000
08
0&
#30175000
18
1&
#30180000
08
0&
#30185000
18
1&
#30186000
10
b11011110101011011011111011101111 1
#30190000
08
0&
#30195000
18
1&
#30196000
0+
0,
00
b0 1
#30200000
08
0&
#30205000
18
1&
#30210000
08
0&
#30215000
18
1&
#30220000
08
0&
#30225000
18
1&
#30226000
b101001000100 (
1-
b0 )
b1101000111101101010000000110001 .
b1100 /
1+
#30230000
08
0&
#30235000
18
1&
#30236000
1,
#30240000
08
0&
#30245000
18
1&
#30250000
08
0&
#30255000
18
1&
#30260000
08
0&
#30264000
0'
0+
0,
#30265000
18
1&
#30270000
08
0&
#30275000
18
1&
#30280000
08
0&
#30284000
1'
#30285000
18
1&
#30286000
b10010101100 (
0-
b0 .
b0 /
1+
#30290000
08
0&
#30295000
18
1&
#30296000
1,
#30300000
08
0&
#30305000
18
1&
#30310000
08
0&
#30315000
18
1&
#30320000
08
0&
#30325000
18
1&
#30330000
08
0&
#30335000
18
1&
#30340000
08
0&
#30345000
18
1&
#30350000
08
0&
#30355000
18
1&
#30356000
10
b11011110101011011011111011101111 1
#30360000
08
0&
#30365000
18
1&
#30366000
0+
0,
00
b0 1
#30370000
08
0&
#30375000
18
1&
#30380000
08
0&
#30385000
18
1&
#30390000
08
0&
#30395000
18
1&
#30400000
08
0&
#30405000
18
1&
#30406000
b110111110000 (
b101 )
1+
#30410000
08
0&
#30415000
18
1&
#30416000
1,
#30420000
08
0&
#30425000
18
1&
#30430000
08
0&
#30435000
18
1&
#30440000
08
0&
#30445000
18
1&
#30450000
08
0&
#30455000
18
1&
#30460000
08
0&
#30465000
18
1&
#30470000
08
0&
#30475000
18
1&
#30476000
10
b11011110101011011011111011101111 1
#30480000
08
0&
#30484000
0'
00
b0 1
0+
0,
#30485000
18
1&
#30490000
08
0&
#30495000
18
1&
#30499000
1'
#30500000
08
0&
#30505000
18
1&
#30506000
b101011100 (
1-
b11110110001000100011110011101101 .
b1001 /
1+
#30510000
08
0&
#30515000
18
1&
#30516000
1,
#30520000
08
0&
#30525000
18
1&
#30530000
08
0&
#30535000
18
1&
#30540000
08
0&
#30545000
18
1&
#30550000
08
0&
#30555000
18
1&
#30560000
08
0&
#30565000
18
1&
#30566000
10
#30570000
08
0&
#30575000
18
1&
#30576000
0+
0,
00
#30580000
08
0&
#30585000
18
1&
#30590000
08
0&
#30595000
18
1&
#30600000
08
0&
#30605000
18
1&
#30610000
08
0&
#30615000
18
1&
#30616000
b101100001000 (
b11 )
b1100001001111110110110010000010 .
b11 /
1+
#30620000
08
0&
#30625000
18
1&
#30626000
1,
#30630000
08
0&
#30635000
18
1&
#30640000
08
0&
#30645000
18
1&
#30650000
08
0&
#30655000
18
1&
#30656000
10
#30660000
08
0&
#30665000
18
1&
#30666000
0+
0,
00
#30670000
08
0&
#30675000
18
1&
#30676000
b101000110000 (
0-
b10 )
b0 .
b0 /
1+
#30680000
08
0&
#30685000
18
1&
#30686000
1,
#30690000
08
0&
#30695000
18
1&
#30700000
08
0&
#30705000
18
1&
#30710000
08
0&
#30715000
18
1&
#30717000
0'
0+
0,
#30720000
08
0&
#30725000
18
1&
#30727000
1'
#30730000
08
0&
#30735000
18
1&
#30740000
08
0&
#30745000
18
1&
#30746000
b11000101000 (
1-
b1101111100000100010011001100010 .
b110 /
1+
#30750000
08
0&
#30755000
18
1&
#30756000
1,
#30760000
08
0&
#30765000
18
1&
#30770000
08
0&
#30775000
18
1&
#30780000
08
0&
#30785000
18
1&
#30790000
08
0&
#30795000
18
1&
#30800000
08
0&
#30805000
18
1&
#30806000
10
#30810000
08
0&
#30815000
18
1&
#30816000
0+
0,
00
#30820000
08
0&
#30825000
18
1&
#30830000
08
0&
#30835000
18
1&
#30840000
08
0&
#30845000
18
1&
#30850000
08
0&
#30855000
18
1&
#30856000
b11000111100 (
0-
b0 )
b0 .
b0 /
1+
#30860000
08
0&
#30865000
18
1&
#30866000
1,
#30870000
08
0&
#30875000
18
1&
#30880000
08
0&
#30885000
18
1&
#30890000
08
0&
#30895000
18
1&
#30900000
08
0&
#30905000
18
1&
#30910000
08
0&
#30915000
18
1&
#30920000
08
0&
#30925000
18
1&
#30926000
10
b11011110101011011011111011101111 1
#30930000
08
0&
#30935000
18
1&
#30936000
0+
0,
00
b0 1
#30940000
08
0&
#30945000
18
1&
#30950000
08
0&
#30955000
0'
18
1&
#30960000
08
0&
#30965000
1'
18
1&
#30970000
08
0&
#30975000
18
1&
#30976000
b111100010000 (
1-
b101 )
b1001110000100011010000111100101 .
b1010 /
1+
#30980000
08
0&
#30985000
18
1&
#30986000
1,
#30990000
08
0&
#30995000
18
1&
#31000000
08
0&
#31005000
18
1&
#31010000
08
0&
#31015000
18
1&
#31020000
08
0&
#31025000
18
1&
#31026000
10
#31030000
08
0&
#31035000
18
1&
#31036000
0+
0,
00
#31040000
08
0&
#31045000
18
1&
#31050000
08
0&
#31055000
18
1&
#31056000
b101000111100 (
b10 )
b1101011000000100001011100011111 .
b11 /
1+
#31060000
08
0&
#31065000
18
1&
#31066000
1,
#31070000
08
0&
#31075000
18
1&
#31080000
08
0&
#31085000
18
1&
#31090000
08
0&
#31095000
18
1&
#31100000
08
0&
#31105000
18
1&
#31110000
08
0&
#31115000
18
1&
#31120000
08
0&
#31125000
18
1&
#31126000
10
#31130000
08
0&
#31135000
18
1&
#31136000
0+
0,
00
#31140000
08
0&
#31145000
18
1&
#31150000
08
0&
#31155000
18
1&
#31156000
b101001011100 (
0-
b0 )
b0 .
b0 /
1+
#31160000
08
0&
#31165000
18
1&
#31166000
1,
#31169000
0'
0+
0,
#31170000
08
0&
#31175000
18
1&
#31180000
08
0&
#31184000
1'
#31185000
18
1&
#31186000
b1110000000 (
b1 )
1+
#31190000
08
0&
#31195000
18
1&
#31196000
1,
#31200000
08
0&
#31205000
18
1&
#31210000
08
0&
#31215000
18
1&
#31220000
08
0&
#31225000
18
1&
#31230000
08
0&
#31235000
18
1&
#31240000
0'
08
0&
0+
0,
#31245000
18
1&
#31250000
08
0&
#31255000
1'
18
1&
#31260000
08
0&
#31265000
18
1&
#31266000
b1110111000 (
1-
b10 )
b11011111111100111100111111100111 .
b1011 /
1+
#31270000
08
0&
#31275000
18
1&
#31276000
1,
#31280000
08
0&
#31285000
18
1&
#31290000
08
0&
#31295000
18
1&
#31300000
08
0&
#31305000
18
1&
#31306000
0'
0+
0,
#31310000
08
0&
#31315000
18
1&
#31316000
1'
#31320000
08
0&
#31325000
18
1&
#31330000
08
0&
#31335000
18
1&
#31340000
08
0&
#31345000
18
1&
#31350000
08
0&
#31355000
18
1&
#31356000
b110101100000 (
b111 )
b1111101010001111110110010101111 .
b10 /
1+
#31360000
08
0&
#31365000
18
1&
#31366000
1,
#31370000
08
0&
#31375000
18
1&
#31380000
08
0&
#31383000
0'
0+
0,
#31385000
18
1&
#31390000
08
0&
#31395000
18
1&
#31400000
08
0&
#31405000
18
1&
#31408000
1'
#31410000
08
0&
#31415000
18
1&
#31416000
b110000100 (
b10 )
b101010100001101001111111101100 .
b100 /
1+
#31420000
08
0&
#31425000
18
1&
#31426000
1,
#31430000
08
0&
#31435000
18
1&
#31440000
08
0&
#31445000
18
1&
#31450000
08
0&
#31455000
18
1&
#31460000
08
0&
#31465000
18
1&
#31470000
08
0&
#31475000
18
1&
#31477000
0'
0+
0,
#31480000
08
0&
#31485000
18
1&
#31487000
1'
#31490000
08
0&
#31495000
18
1&
#31500000
08
0&
#31505000
18
1&
#31506000
b101011000 (
0-
b100 )
b0 .
b0 /
1+
#31510000
08
0&
#31515000
18
1&
#31516000
1,
#31520000
08
0&
#31525000
18
1&
#31530000
08
0&
#31535000
18
1&
#31536000
10
b11011110101011011011111011101111 1
#31540000
08
0&
#31545000
18
1&
#31546000
0+
0,
00
b0 1
#31550000
08
0&
#31555000
18
1&
#31556000
b110011010100 (
b10 )
1+
#31560000
08
0&
#31565000
18
1&
#31566000
1,
#31570000
08
0&
#31575000
18
1&
#31580000
08
0&
#31585000
18
1&
#31586000
10
b11011110101011011011111011101111 1
#31590000
08
0&
#31595000
18
1&
#31596000
0+
0,
00
b0 1
#31600000
08
0&
#31605000
18
1&
#31606000
b11110011000 (
1-
b0 )
b101011011001110111111001000011 .
b1100 /
1+
#31610000
08
0&
#31615000
18
1&
#31616000
1,
#31620000
08
0&
#31625000
18
1&
#31630000
08
0&
#31635000
18
1&
#31636000
10
#31640000
08
0&
#31645000
18
1&
#31646000
0+
0,
00
#31650000
08
0&
#31655000
18
1&
#31659000
0'
#31660000
08
0&
#31665000
18
1&
#31670000
08
0&
#31674000
1'
#31675000
18
1&
#31680000
08
0&
#31685000
18
1&
#31686000
b100101010000 (
0-
b1 )
b0 .
b0 /
1+
#31690000
08
0&
#31695000
18
1&
#31696000
1,
#31700000
08
0&
#31705000
18
1&
#31710000
08
0&
#31715000
18
1&
#31720000
08
0&
#31725000
18
1&
#31730000
08
0&
#31735000
18
1&
#31740000
08
0&
#31745000
18
1&
#31746000
10
b11011110101011011011111011101111 1
#31750000
08
0&
#31755000
18
1&
#31756000
0+
0,
00
b0 1
#31760000
08
0&
#31765000
18
1&
#31770000
08
0&
#31775000
18
1&
#31780000
08
0&
#31785000
18
1&
#31790000
08
0&
#31795000
18
1&
#31796000
b10000111100 (
b10 )
1+
#31800000
08
0&
#31805000
0'
18
1&
0+
#31810000
08
0&
#31815000
1'
18
1&
#31816000
b100000110100 (
1-
b0 )
b11111010011100111111011000001011 .
b1100 /
1+
#31820000
08
0&
#31825000
18
1&
#31826000
1,
#31830000
08
0&
#31835000
18
1&
#31840000
08
0&
#31845000
18
1&
#31850000
08
0&
#31855000
18
1&
#31860000
08
0&
#31865000
18
1&
#31866000
10
#31870000
08
0&
#31875000
18
1&
#31876000
0+
0,
00
#31880000
08
0&
#31885000
18
1&
#31890000
08
0&
#31895000
18
1&
#31896000
b101001100100 (
0-
b111 )
b0 .
b0 /
1+
#31900000
08
0&
#31905000
18
1&
#31906000
1,
#31910000
08
0&
#31915000
18
1&
#31920000
08
0&
#31925000
18
1&
#31926000
10
b11011110101011011011111011101111 1
#31930000
08
0&
#31935000
18
1&
#31936000
0+
0,
00
b0 1
#31940000
08
0&
#31945000
18
1&
#31950000
08
0&
#31955000
0'
18
1&
#31960000
08
0&
#31965000
18
1&
#31970000
08
0&
#31975000
1'
18
1&
#31980000
08
0&
#31985000
18
1&
#31990000
08
0&
#31995000
18
1&
#32000000
08
0&
#32005000
18
1&
#32006000
b100101110000 (
b0 )
1+
#32010000
08
0&
#32015000
18
1&
#32016000
1,
#32020000
08
0&
#32025000
18
1&
#32030000
08
0&
#32035000
18
1&
#32040000
08
0&
#32045000
18
1&
#32050000
08
0&
#32055000
18
1&
#32060000
08
0&
#32065000
18
1&
#32070000
08
0&
#32075000
18
1&
#32076000
10
b11011110101011011011111011101111 1
#32080000
08
0&
#32085000
18
1&
#32086000
0+
0,
00
b0 1
#32090000
08
0&
#32095000
18
1&
#32100000
08
0&
#32105000
18
1&
#32110000
08
0&
#32115000
18
1&
#32120000
08
0&
#32125000
18
1&
#32126000
b11011000100 (
b1 )
1+
#32130000
0'
08
0&
0+
#32135000
18
1&
#32140000
08
0&
#32145000
18
1&
#32150000
08
0&
#32155000
1'
18
1&
#32156000
b101000001100 (
1+
#32160000
08
0&
#32165000
18
1&
#32166000
1,
#32170000
08
0&
#32175000
18
1&
#32180000
08
0&
#32185000
18
1&
#32190000
08
0&
#32195000
18
1&
#32196000
10
b11011110101011011011111011101111 1
#32200000
08
0&
#32205000
18
1&
#32206000
0+
0,
00
b0 1
#32210000
08
0&
#32215000
18
1&
#32220000
08
0&
#32225000
18
1&
#32230000
08
0&
#32235000
18
1&
#32236000
b111100100000 (
1-
b0 )
b10010011110001001001101110000010 .
b1010 /
1+
#32240000
08
0&
#32245000
18
1&
#32246000
1,
#32250000
08
0&
#32255000
18
1&
#32260000
08
0&
#32265000
18
1&
#32270000
08
0&
#32275000
18
1&
#32280000
08
0&
#32285000
18
1&
#32290000
08
0&
#32295000
18
1&
#32300000
08
0&
#32305000
18
1&
#32306000
10
#32310000
08
0&
#32315000
18
1&
#32316000
0+
0,
00
#32317000
0'
#32320000
08
0&
#32325000
18
1&
#32330000
08
0&
#32335000
18
1&
#32337000
1'
#32340000
08
0&
#32345000
18
1&
#32350000
08
0&
#32355000
18
1&
#32356000
b101011001000 (
b111 )
b11100000011011101010110111011011 .
b1101 /
1+
#32360000
08
0&
#32365000
18
1&
#32366000
1,
#32370000
08
0&
#32375000
18
1&
#32380000
08
0&
#32385000
18
1&
#32390000
08
0&
#32392000
0'
0+
0,
#32395000
18
1&
#32400000
08
0&
#32405000
18
1&
#32410000
08
0&
#32415000
18
1&
#32417000
1'
#32420000
08
0&
#32425000
18
1&
#32430000
08
0&
#32435000
18
1&
#32440000
08
0&
#32445000
18
1&
#32446000
b111001010100 (
b1 )
b1101111110011101000110000000100 .
b111 /
1+
#32450000
08
0&
#32455000
18
1&
#32456000
1,
#32460000
08
0&
#32465000
18
1&
#32470000
08
0&
#32475000
18
1&
#32480000
08
0&
#32485000
18
1&
#32490000
08
0&
#32495000
18
1&
#32496000
10
#32500000
08
0&
#32505000
18
1&
#32506000
0+
0,
00
#32510000
08
0&
#32515000
18
1&
#32516000
b101110011000 (
0-
b100 )
b0 .
b0 /
1+
#32520000
08
0&
#32525000
18
1&
#32526000
1,
#32530000
08
0&
#32535000
18
1&
#32540000
08
0&
#32545000
18
1&
#32550000
08
0&
#32555000
18
1&
#32560000
08
0&
#32565000
18
1&
#32570000
08
0&
#32575000
18
1&
#32576000
10
b11011110101011011011111011101111 1
#32580000
08
0&
#32585000
18
1&
#32586000
0+
0,
00
b0 1
#32590000
08
0&
#32595000
0'
18
1&
#32600000
08
0&
#32605000
1'
18
1&
#32606000
b110100101100 (
1-
b11 )
b1111011111011011100001100000101 .
b11 /
1+
#32610000
08
0&
#32615000
18
1&
#32616000
1,
#32620000
08
0&
#32625000
18
1&
#32630000
08
0&
#32635000
18
1&
#32640000
08
0&
#32645000
18
1&
#32650000
08
0&
#32655000
18
1&
#32660000
08
0&
#32665000
18
1&
#32666000
10
#32670000
08
0&
#32675000
18
1&
#32676000
0+
0,
00
#32680000
08
0&
#32685000
18
1&
#32690000
08
0&
#32695000
18
1&
#32696000
b10101100000 (
0-
b1 )
b0 .
b0 /
1+
#32700000
08
0&
#32705000
18
1&
#32706000
1,
#32710000
08
0&
#32715000
18
1&
#32720000
08
0&
#32725000
18
1&
#32730000
08
0&
#32735000
18
1&
#32736000
10
b11011110101011011011111011101111 1
#32740000
08
0&
#32745000
18
1&
#32746000
0+
0,
00
b0 1
#32750000
08
0&
#32755000
18
1&
#32756000
b1111111000 (
b111 )
1+
#32760000
08
0&
#32765000
18
1&
#32766000
1,
#32770000
08
0&
#32775000
18
1&
#32780000
08
0&
#32785000
18
1&
#32790000
08
0&
#32795000
18
1&
#32796000
10
b11011110101011011011111011101111 1
#32800000
08
0&
#32805000
18
1&
#32806000
0+
0,
00
b0 1
#32810000
08
0&
#32815000
18
1&
#32820000
08
0&
#32825000
18
1&
#32830000
08
0&
#32835000
18
1&
#32840000
08
0&
#32841000
0'
#32845000
18
1&
#32850000
08
0&
#32851000
1'
#32855000
18
1&
#32856000
b10010001000 (
1+
#32860000
08
0&
#32865000
18
1&
#32866000
1,
#32870000
08
0&
#32875000
18
1&
#32880000
08
0&
#32885000
18
1&
#32890000
08
0&
#32895000
18
1&
#32900000
08
0&
#32905000
18
1&
#32910000
08
0&
#32915000
18
1&
#32920000
08
0&
#32925000
18
1&
#32926000
10
b11011110101011011011111011101111 1
#32930000
08
0&
#32935000
18
1&
#32936000
0+
0,
00
b0 1
#32940000
08
0&
#32945000
18
1&
#32950000
08
0&
#32955000
18
1&
#32960000
08
0&
#32965000
18
1&
#32970000
08
0&
#32975000
18
1&
#32976000
b101111100 (
1-
b1 )
b10100110000100110111111011001011 .
b1000 /
1+
#32980000
08
0&
#32985000
18
1&
#32986000
1,
#32988000
0'
0+
0,
#32990000
08
0&
#32995000
18
1&
#33000000
08
0&
#33003000
1'
#33005000
18
1&
#33010000
08
0&
#33015000
18
1&
#33020000
08
0&
#33025000
18
1&
#33026000
b100101110100 (
b111 )
b11101110000011101011001111011111 .
b1100 /
1+
#33030000
08
0&
#33035000
18
1&
#33036000
1,
#33040000
08
0&
#33045000
18
1&
#33050000
08
0&
#33055000
18
1&
#33060000
08
0&
#33065000
18
1&
#33068000
0'
0+
0,
#33070000
08
0&
#33075000
18
1&
#33080000
08
0&
#33085000
18
1&
#33090000
08
0&
#33093000
1'
#33095000
18
1&
#33100000
08
0&
#33105000
18
1&
#33110000
08
0&
#33115000
18
1&
#33120000
08
0&
#33125000
18
1&
#33126000
b11010000 (
0-
b110 )
b0 .
b0 /
1+
#33130000
08
0&
#33135000
18
1&
#33136000
1,
#33140000
08
0&
#33145000
18
1&
#33150000
08
0&
#33155000
18
1&
#33160000
08
0&
#33165000
18
1&
#33170000
08
0&
#33175000
18
1&
#33180000
08
0&
#33185000
18
1&
#33190000
08
0&
#33195000
18
1&
#33196000
10
b11011110101011011011111011101111 1
#33200000
08
0&
#33205000
18
1&
#33206000
0+
0,
00
b0 1
#33210000
08
0&
#33215000
18
1&
#33220000
08
0&
#33225000
18
1&
#33230000
08
0&
#33235000
18
1&
#33240000
08
0&
#33245000
18
1&
#33246000
b11100011100 (
b1 )
1+
#33250000
08
0&
#33255000
18
1&
#33256000
1,
#33260000
08
0&
#33265000
18
1&
#33270000
08
0&
#33275000
18
1&
#33276000
10
b11011110101011011011111011101111 1
#33280000
08
0&
#33285000
18
1&
#33286000
0+
0,
00
b0 1
#33290000
08
0&
#33295000
18
1&
#33300000
08
0&
#33305000
18
1&
#33310000
08
0&
#33315000
18
1&
#33320000
08
0&
#33325000
18
1&
#33326000
b10000100 (
b11 )
1+
#33330000
08
0&
#33335000
18
1&
#33336000
0'
0+
1,
#33340000
08
0&
#33345000
18
1&
#33350000
08
0&
#33351000
1'
#33355000
18
1&
#33360000
08
0&
#33365000
18
1&
#33370000
08
0&
#33375000
18
1&
#33376000
b1001011000 (
1-
b101 )
b11011111111000101110111011010001 .
b1100 /
1+
0,
#33380000
08
0&
#33385000
18
1&
#33386000
1,
#33390000
08
0&
#33395000
18
1&
#33400000
08
0&
#33405000
18
1&
#33406000
0'
0+
0,
10
#33410000
08
0&
#33415000
18
1&
#33420000
08
0&
#33421000
1'
#33425000
18
1&
#33430000
08
0&
#33435000
18
1&
#33440000
08
0&
#33445000
18
1&
#33450000
08
0&
#33455000
18
1&
#33456000
b111011111100 (
0-
b10 )
b0 .
b0 /
1+
#33460000
08
0&
#33465000
18
1&
#33466000
1,
#33470000
08
0&
#33475000
18
1&
#33476000
0+
0,
00
#33480000
08
0&
#33485000
18
1&
#33490000
08
0&
#33495000
18
1&
#33500000
08
0&
#33505000
18
1&
#33506000
b1111110100 (
b111 )
1+
#33510000
08
0&
#33515000
18
1&
#33516000
1,
#33520000
08
0&
#33525000
18
1&
#33530000
08
0&
#33535000
18
1&
#33540000
08
0&
#33545000
18
1&
#33550000
08
0&
#33555000
18
1&
#33560000
08
0&
#33565000
18
1&
#33570000
08
0&
#33575000
18
1&
#33580000
08
0&
#33585000
18
1&
#33590000
08
0&
#33595000
0'
18
1&
0+
0,
#33600000
08
0&
#33605000
1'
18
1&
#33606000
b11010011100 (
1-
b0 )
b101111101100100101100110101111 .
b111 /
1+
#33610000
08
0&
#33615000
18
1&
#33616000
1,
#33620000
08
0&
#33625000
18
1&
#33630000
08
0&
#33635000
18
1&
#33636000
10
#33640000
08
0&
#33645000
18
1&
#33646000
0+
0,
00
#33650000
08
0&
#33655000
18
1&
#33660000
08
0&
#33665000
18
1&
#33670000
08
0&
#33675000
18
1&
#33680000
08
0&
#33685000
18
1&
#33686000
b111010100 (
0-
b10 )
b0 .
b0 /
1+
#33690000
08
0&
#33695000
18
1&
#33696000
1,
#33700000
08
0&
#33705000
18
1&
#33710000
08
0&
#33715000
18
1&
#33720000
08
0&
#33725000
18
1&
#33726000
10
b11011110101011011011111011101111 1
#33730000
08
0&
#33735000
18
1&
#33736000
0+
0,
00
b0 1
#33740000
08
0&
#33745000
18
1&
#33746000
b110100101000 (
b1 )
1+
#33750000
08
0&
#33755000
18
1&
#33756000
1,
#33760000
08
0&
#33765000
18
1&
#33770000
08
0&
#33775000
18
1&
#33780000
08
0&
#33785000
18
1&
#33790000
08
0&
#33795000
18
1&
#33800000
08
0&
#33805000
18
1&
#33810000
08
0&
#33815000
18
1&
#33816000
10
b11011110101011011011111011101111 1
#33820000
08
0&
#33822000
0'
00
b0 1
0+
0,
#33825000
18
1&
#33830000
08
0&
#33835000
18
1&
#33840000
08
0&
#33842000
1'
#33845000
18
1&
#33850000
08
0&
#33855000
18
1&
#33860000
08
0&
#33865000
18
1&
#33866000
b1111110000 (
b11 )
1+
#33870000
08
0&
#33875000
18
1&
#33876000
1,
#33880000
08
0&
#33885000
18
1&
#33890000
08
0&
#33895000
18
1&
#33896000
10
b11011110101011011011111011101111 1
#33900000
08
0&
#33905000
18
1&
#33906000
0+
0,
00
b0 1
#33910000
08
0&
#33915000
18
1&
#33916000
b10110110100 (
b110 )
1+
#33920000
08
0&
#33925000
18
1&
#33926000
1,
#33930000
08
0&
#33935000
18
1&
#33940000
08
0&
#33945000
18
1&
#33950000
08
0&
#33955000
18
1&
#33956000
10
b11011110101011011011111011101111 1
#33960000
08
0&
#33965000
18
1&
#33966000
0+
0,
00
b0 1
#33970000
08
0&
#33975000
18
1&
#33980000
08
0&
#33984000
0'
#33985000
18
1&
#33990000
08
0&
#33994000
1'
#33995000
18
1&
#33996000
b1010101100 (
1-
b10 )
b10010010101101010011101001111100 .
b1100 /
1+
#34000000
08
0&
#34005000
18
1&
#34006000
1,
#34010000
08
0&
#34015000
18
1&
#34020000
08
0&
#34025000
18
1&
#34030000
08
0&
#34035000
18
1&
#34040000
08
0&
#34045000
18
1&
#34050000
08
0&
#34055000
18
1&
#34056000
10
#34060000
08
0&
#34061000
0'
00
0+
0,
#34065000
18
1&
#34070000
08
0&
#34075000
18
1&
#34080000
08
0&
#34081000
1'
#34085000
18
1&
#34090000
08
0&
#34095000
18
1&
#34096000
b11000000 (
0-
b0 .
b0 /
1+
#34100000
08
0&
#34105000
18
1&
#34106000
1,
#34110000
08
0&
#34115000
18
1&
#34120000
08
0&
#34125000
18
1&
#34130000
08
0&
#34135000
18
1&
#34140000
08
0&
#34145000
18
1&
#34146000
10
b11011110101011011011111011101111 1
#34150000
08
0&
#34155000
18
1&
#34156000
0+
0,
00
b0 1
#34160000
08
0&
#34165000
18
1&
#34166000
b101001101000 (
1-
b100 )
b1110011101010111110100011100011 .
b1000 /
1+
#34170000
08
0&
#34175000
18
1&
#34176000
1,
#34180000
08
0&
#34185000
18
1&
#34190000
08
0&
#34195000
18
1&
#34200000
08
0&
#34205000
18
1&
#34210000
08
0&
#34215000
18
1&
#34220000
08
0&
#34225000
18
1&
#34230000
08
0&
#34235000
18
1&
#34236000
10
#34240000
08
0&
#34245000
18
1&
#34246000
0+
0,
00
#34250000
0'
08
0&
#34255000
18
1&
#34260000
08
0&
#34265000
1'
18
1&
#34270000
08
0&
#34275000
18
1&
#34280000
08
0&
#34285000
18
1&
#34290000
08
0&
#34295000
18
1&
#34296000
b11101110100 (
b101 )
b1110000000011001000101010000000 .
b100 /
1+
#34300000
08
0&
#34305000
18
1&
#34306000
1,
#34310000
08
0&
#34315000
18
1&
#34320000
08
0&
#34325000
18
1&
#34326000
10
#34330000
08
0&
#34335000
18
1&
#34336000
0+
0,
00
#34340000
08
0&
#34345000
18
1&
#34346000
b10000111100 (
0-
b10 )
b0 .
b0 /
1+
#34350000
08
0&
#34355000
18
1&
#34356000
1,
#34360000
08
0&
#34365000
18
1&
#34366000
0'
0+
0,
#34370000
08
0&
#34375000
18
1&
#34380000
08
0&
#34381000
1'
#34385000
18
1&
#34390000
08
0&
#34395000
18
1&
#34400000
08
0&
#34405000
18
1&
#34406000
b110100100 (
1-
b101 )
b11100101100111010010011110000101 .
b1011 /
1+
#34410000
08
0&
#34415000
18
1&
#34416000
1,
#34420000
08
0&
#34425000
18
1&
#34430000
08
0&
#34435000
18
1&
#34436000
10
#34440000
08
0&
#34445000
18
1&
#34446000
0+
0,
00
#34450000
08
0&
#34455000
18
1&
#34460000
08
0&
#34465000
18
1&
#34466000
b11001001100 (
b1 )
b1011000110110100010101000001111 .
b1010 /
1+
#34470000
08
0&
#34475000
18
1&
#34476000
1,
#34480000
08
0&
#34485000
18
1&
#34490000
08
0&
#34495000
18
1&
#34500000
08
0&
#34505000
18
1&
#34510000
08
0&
#34515000
18
1&
#34516000
10
#34520000
08
0&
#34525000
18
1&
#34526000
0+
0,
00
#34530000
08
0&
#34535000
18
1&
#34540000
08
0&
#34545000
18
1&
#34550000
08
0&
#34555000
18
1&
#34556000
b10111111000 (
b100 )
b1101000111111000111010110111010 .
b1101 /
1+
#34560000
08
0&
#34565000
18
1&
#34566000
1,
#34570000
08
0&
#34575000
18
1&
#34580000
08
0&
#34585000
18
1&
#34590000
08
0&
#34595000
18
1&
#34600000
08
0&
#34605000
18
1&
#34610000
08
0&
#34615000
18
1&
#34620000
0'
08
0&
0+
0,
#34625000
18
1&
#34630000
08
0&
#34635000
18
1&
#34640000
08
0&
#34645000
1'
18
1&
#34650000
08
0&
#34655000
18
1&
#34660000
08
0&
#34665000
18
1&
#34666000
b10011110100 (
0-
b101 )
b0 .
b0 /
1+
#34670000
08
0&
#34675000
18
1&
#34676000
1,
#34680000
08
0&
#34685000
18
1&
#34690000
08
0&
#34695000
18
1&
#34700000
08
0&
#34705000
18
1&
#34710000
08
0&
#34715000
18
1&
#34716000
10
b11011110101011011011111011101111 1
#34720000
08
0&
#34725000
18
1&
#34726000
0+
0,
00
b0 1
#34730000
08
0&
#34735000
18
1&
#34736000
b10110100100 (
b1 )
1+
#34740000
08
0&
#34745000
18
1&
#34746000
1,
#34750000
08
0&
#34755000
18
1&
#34760000
08
0&
#34765000
18
1&
#34770000
08
0&
#34775000
18
1&
#34780000
08
0&
#34785000
18
1&
#34786000
10
b11011110101011011011111011101111 1
#34790000
08
0&
#34795000
18
1&
#34796000
0+
0,
00
b0 1
#34800000
08
0&
#34805000
18
1&
#34806000
b101101000000 (
b0 )
1+
#34810000
08
0&
#34815000
18
1&
#34816000
1,
#34820000
08
0&
#34825000
18
1&
#34830000
08
0&
#34835000
18
1&
#34840000
08
0&
#34845000
18
1&
#34850000
08
0&
#34855000
18
1&
#34860000
08
0&
#34865000
18
1&
#34870000
08
0&
#34875000
18
1&
#34876000
10
b11011110101011011011111011101111 1
#34879000
0'
00
b0 1
0+
0,
#34880000
08
0&
#34885000
18
1&
#34890000
08
0&
#34894000
1'
#34895000
18
1&
#34896000
b110011100000 (
1-
b100 )
b101011011110000100100101001010 .
b1 /
1+
#34900000
08
0&
#34905000
18
1&
#34906000
1,
#34910000
08
0&
#34915000
18
1&
#34920000
08
0&
#34925000
18
1&
#34930000
08
0&
#34935000
18
1&
#34940000
08
0&
#34945000
18
1&
#34950000
08
0&
#34955000
18
1&
#34956000
10
#34960000
08
0&
#34965000
18
1&
#34966000
0+
0,
00
#34970000
08
0&
#34975000
18
1&
#34976000
b110010101000 (
0-
b110 )
b0 .
b0 /
1+
#34980000
08
0&
#34985000
18
1&
#34986000
1,
#34990000
08
0&
#34995000
18
1&
#35000000
08
0&
#35005000
18
1&
#35009000
0'
0+
0,
#35010000
08
0&
#35015000
18
1&
#35019000
1'
#35020000
08
0&
#35025000
18
1&
#35030000
08
0&
#35035000
18
1&
#35040000
08
0&
#35045000
18
1&
#35046000
b101001011100 (
1-
b100 )
b1010000101101101101101111011000 .
b1000 /
1+
#35050000
08
0&
#35055000
18
1&
#35056000
1,
#35060000
08
0&
#35065000
18
1&
#35070000
08
0&
#35075000
18
1&
#35076000
10
#35080000
08
0&
#35085000
18
1&
#35086000
0+
0,
00
#35090000
08
0&
#35095000
18
1&
#35100000
08
0&
#35105000
18
1&
#35110000
08
0&
#35115000
18
1&
#35120000
08
0&
#35125000
18
1&
#35126000
b100111000 (
0-
b101 )
b0 .
b0 /
1+
#35130000
08
0&
#35135000
18
1&
#35136000
1,
#35140000
08
0&
#35145000
18
1&
#35150000
08
0&
#35155000
18
1&
#35156000
10
b11011110101011011011111011101111 1
#35160000
08
0&
#35165000
18
1&
#35166000
0+
0,
00
b0 1
#35170000
08
0&
#35175000
18
1&
#35176000
b1111111000 (
b1 )
1+
#35180000
08
0&
#35185000
18
1&
#35186000
1,
#35190000
08
0&
#35195000
18
1&
#35200000
08
0&
#35205000
18
1&
#35210000
08
0&
#35215000
18
1&
#35220000
08
0&
#35225000
18
1&
#35226000
10
b11011110101011011011111011101111 1
#35230000
08
0&
#35235000
18
1&
#35236000
0+
0,
00
b0 1
#35240000
08
0&
#35245000
18
1&
#35250000
08
0&
#35253000
0'
#35255000
18
1&
#35260000
08
0&
#35263000
1'
#35265000
18
1&
#35270000
08
0&
#35275000
18
1&
#35280000
08
0&
#35285000
18
1&
#35290000
08
0&
#35295000
18
1&
#35296000
b111101110100 (
b110 )
1+
#35300000
08
0&
#35305000
18
1&
#35306000
1,
#35310000
08
0&
#35315000
18
1&
#35320000
08
0&
#35325000
18
1&
#35330000
08
0&
#35335000
18
1&
#35340000
08
0&
#35345000
18
1&
#35350000
08
0&
#35355000
18
1&
#35360000
08
0&
#35365000
18
1&
#35366000
10
b11011110101011011011111011101111 1
#35370000
08
0&
#35375000
18
1&
#35376000
0+
0,
00
b0 1
#35380000
08
0&
#35385000
18
1&
#35390000
08
0&
#35395000
18
1&
#35396000
b11001001000 (
1-
b10 )
b10110001001100110010100010010100 .
b111 /
1+
#35400000
08
0&
#35405000
18
1&
#35406000
1,
#35410000
08
0&
#35415000
18
1&
#35416000
0'
0+
0,
#35420000
08
0&
#35425000
18
1&
#35430000
08
0&
#35435000
18
1&
#35440000
08
0&
#35441000
1'
#35445000
18
1&
#35450000
08
0&
#35455000
18
1&
#35460000
08
0&
#35465000
18
1&
#35466000
b101101011000 (
0-
b101 )
b0 .
b0 /
1+
#35470000
08
0&
#35475000
18
1&
#35476000
1,
#35480000
08
0&
#35485000
18
1&
#35490000
08
0&
#35495000
18
1&
#35500000
08
0&
#35505000
18
1&
#35510000
08
0&
#35515000
18
1&
#35520000
08
0&
#35525000
18
1&
#35530000
08
0&
#35535000
18
1&
#35536000
10
b11011110101011011011111011101111 1
#35540000
08
0&
#35545000
18
1&
